brand,model,color,description,price,price_gel,compare_at_price,sizes,product_url
Nike,Zoom Vapor 12,"blue, dark blue","Dynamics and grip for quick matches on clay The Nike Vapor 12 clay court shoe men is the perfect choice for tennis players who are looking for maximum agility and stability on clay courts. Thanks to the specially developed herringbone outsole, the shoe offers optimal grip for quick changes of direction, while the lightweight upper material ensures a comfortable fit. Responsive Zoom Air cushioning ensures optimal shock absorption and explosive acceleration, while reinforced side panels provide additional support. The breathable mesh upper keeps your feet cool and dry - ideal for long, intense matches on clay. Your advantages at a glance: Herringbone profile for perfect grip - Optimal traction on clay courts Zoom Air cushioning - Responsive shock absorption for quick acceleration Breathable, stable design - Light, comfortable and with increased support With the Nike Vapor 12 clay court shoe men you play faster, more stable and with maximum comfort - for your best tennis on clay!",118.95 €,635,159.99 €,"40, 40,5, 41, 42, 42,5, 43, 44, 44,5, 45, 45,5, 46, 47, 47,5, 48,5, 49,5",https://www.tennis-point.de/products/nike-zoom-vapor-12-sandplatzschuh-herren-blau-dunkelblau-a0000003351001
ASICS,Court FF 3,"black, turquoise","Maximum performance on the clay court With the COURT FF 3 CLY tennis shoe from ASICS you will experience an incomparable playing feeling on the clay court. Thanks to the high-quality polyurethane and synthetic upper, the shoe offers both durability and flexibility. The rubber outsole ensures optimal grip and enables quick changes of direction, while the EVA cover sole in combination with the textile inner material ensures a high level of comfort and shock absorption. Developed specifically for men, this tennis shoe not only impresses with its functionality, but also with its sporty design that underlines your performance on the court. Highlights: Innovative materials High-quality polyurethane and synthetics for durability and flexibility Perfect grip Rubber outsole for excellent grip on clay courts Comfortable fit EVA insole and textile inner material for optimal comfort Set new standards on the clay courts with the COURT FF 3 CLY.",161.95 €,835,190.00 €,"40, 40,5, 41,5, 42, 42,5, 43,5, 44, 44,5, 45, 46, 46,5, 47, 48, 49, 50,5",https://www.tennis-point.de/products/asics-court-ff-3-sandplatzschuh-herren-schwarz-tuerkis-p0000001280608
ASICS,Gel-Resolution X,"dark blue, neon yellow","Maximum stability and comfort for clay courts. The ASICS Gel Resolution X men's clay court shoe offers tennis players first-class stability, cushioning and durability—perfect for intense matches on clay. Thanks to the proven GEL™ technology in the heel and forefoot, shocks are effectively absorbed, so you can enjoy maximum comfort even when moving quickly. The specially developed clay court outsole ensures optimal grip and supports dynamic changes of direction. DYNAWALL™ technology provides additional stability in the midfoot area, while the durable, breathable upper ensures a comfortable foot climate. Reinforced zones in heavily stressed areas ensure a long service life. Your advantages at a glance: GEL™ technology - optimal cushioning for joint-friendly comfort DYNAWALL™ technology - for more stability and control Clay court outsole - maximum grip on clay courts With the ASICS Gel Resolution X clay court shoe men you are well equipped to take your clay court game to the next level with stability, comfort and control!",119.95 €,640,160.00 €,"39, 39,5, 40, 40,5, 41,5, 42, 42,5, 43,5, 44, 44,5, 45, 46, 46,5, 47, 48, 49, 50,5",https://www.tennis-point.de/products/asics-gel-resolution-x-sandplatzschuh-herren-dunkelblau-neongelb-a0000002470201
Nike,Zoom Vapor 12,"gray, sage","Dynamics and grip for quick matches on clay The Nike Vapor 12 clay court shoe men is the perfect choice for tennis players who are looking for maximum agility and stability on clay courts. Thanks to the specially developed herringbone outsole, the shoe offers optimal grip for quick changes of direction, while the lightweight upper material ensures a comfortable fit. Responsive Zoom Air cushioning ensures optimal shock absorption and explosive acceleration, while reinforced side panels provide additional support. The breathable mesh upper keeps your feet cool and dry - ideal for long, intense matches on clay. Your advantages at a glance: Herringbone profile for perfect grip - Optimal traction on clay courts Zoom Air cushioning - Responsive shock absorption for quick acceleration Breathable, stable design - Light, comfortable and with increased support With the Nike Vapor 12 clay court shoe men you play faster, more stable and with maximum comfort - for your best tennis on clay!",159.95 €,825,159.99 €,"40,5, 41, 42, 42,5, 43, 44, 44,5, 45, 45,5, 46, 47, 47,5, 48,5, 49,5",https://www.tennis-point.de/products/nike-zoom-vapor-12-sandplatzschuh-herren-grau-salbei-a0000003351002
Nike,Zoom Vapor Pro 3,"blue, black","Speed ​​and stability - the ideal clay court shoe for demanding players. The clay court shoe for men was developed to offer maximum performance on clay courts. With its modern design and innovative technologies, it supports dynamic movements and ensures optimal comfort so that you have the upper hand in every rally. The lightweight construction with a responsive midsole ensures excellent cushioning and energy return. The specially profiled clay court outsole offers excellent grip and stability, even when changing direction quickly. The breathable mesh upper ensures a pleasant foot climate and prevents overheating, even during intense matches. Thanks to its elegant design and sophisticated functionality, this shoe is the perfect companion for players who want to combine speed, precision and comfort. Highlights: Responsive midsole for optimal cushioning and dynamics Special clay court outsole for maximum grip and stability Breathable mesh upper for long-lasting comfort and ventilation With this clay court shoe you can take your game to a new level - for confident performance in every match!",109.95 €,595,129.99 €,"40, 40,5, 41, 42, 42,5, 43, 44, 44,5, 45, 45,5, 46, 47, 47,5, 48,5, 49,5",https://www.tennis-point.de/products/nike-zoom-vapor-pro-3-sandplatzschuh-herren-blau-schwarz-a0000003350301
ASICS,Solution Speed FF 4,"black, neon green","Perfect your tennis experience With the SOLUTION SPEED FF 4 CLAY tennis shoes you can improve your game on clay courts with ease and speed. The Asics Gel-Solution Speed ​​series offers you unparalleled comfort and stability. The upper material made of robust polyurethane ensures durability and adaptability with every movement. The EVA cover sole in combination with the rubber outsole offers optimal cushioning and grip, so that you always have a secure footing on the court. The textile inner material allows for pleasant breathability so that your feet remain relaxed even in hot game situations. Highlights: Innovative Gel Technology: Enjoy exceptional cushioning and comfort with every step. PU upper: Durable and flexible for maximum freedom of movement. EVA insole: Provides you with excellent support and adjustment. Get the perfect tennis shoes for the clay court now and experience a new level of playing comfort and speed.",133.95 €,705,160.00 €,"39, 39,5, 40, 40,5, 41,5, 42, 42,5, 43,5, 44, 44,5, 45, 46, 46,5, 47, 48, 49, 50,5",https://www.tennis-point.de/products/asics-solution-speed-ff-4-sandplatzschuh-herren-schwarz-neongruen-p0000002470301
New Balance,Fresh Foam X CT-Rally V2,"petrol, green","The game-changing clay court companion Reach new heights in your tennis game with New Balance's Fresh Foam X CT-Rally V2, perfectly designed for dynamic clay court matches. Thanks to the innovative mesh and textile upper, this tennis shoe offers excellent breathability and robust support at the same time. The specially developed rubber outsole guarantees maximum traction for quick changes of direction and intense hits. Comfort is increased by the EVA insole, which cushions every step and thus softens the impact on the rough surface. With its stylish design and functional features, the Fresh Foam X CT-Rally V2 is the ideal choice for every ambitious tennis player. Highlights: Breathtaking breathability: Mesh and textile ensure optimal air circulation and a high level of well-being even during intensive matches. Excellent traction: A specialized rubber sole allows agile and fast movements on clay courts. Superior Comfort: The EVA footbed provides premium cushioning and reduces stress on your joints with every step. Increase your performance and enjoy every moment on the court with the Fresh Foam X CT-Rally V2.",131.95 €,695,150.00 €,"40,5, 41,5, 42, 42,5, 43, 44, 44,5, 45, 45,5, 46,5, 47, 47,5, 49",https://www.tennis-point.de/products/new-balance-fresh-foam-x-ct-rally-v2-sandplatzschuh-herren-petrol-gruen-p0000002501001
ASICS,Court FF 3,"white, pink","Maximum performance on the clay court With the COURT FF 3 CLY tennis shoe from ASICS you will experience an incomparable playing feeling on the clay court. Thanks to the high-quality polyurethane and synthetic upper, the shoe offers both durability and flexibility. The rubber outsole ensures optimal grip and enables quick changes of direction, while the EVA cover sole in combination with the textile inner material ensures a high level of comfort and shock absorption. Developed specifically for men, this tennis shoe not only impresses with its functionality, but also with its sporty design that underlines your performance on the court. Highlights: Innovative materials High-quality polyurethane and synthetics for durability and flexibility Perfect grip Rubber outsole for excellent grip on clay courts Comfortable fit EVA insole and textile inner material for optimal comfort Set new standards on the clay courts with the COURT FF 3 CLY.",144.95 €,755,190.00 €,"40, 40,5, 41,5, 42, 42,5, 43,5, 44, 44,5, 45, 46, 46,5, 47, 48, 49, 50,5",https://www.tennis-point.de/products/asics-court-ff-3-sandplatzschuh-herren-weiss-pink-p0000001280601
Nike,Zoom Vapor Pro 3,"sage, green","Speed ​​and stability - the ideal clay court shoe for demanding players. The clay court shoe for men was developed to offer maximum performance on clay courts. With its modern design and innovative technologies, it supports dynamic movements and ensures optimal comfort so that you have the upper hand in every rally. The lightweight construction with a responsive midsole ensures excellent cushioning and energy return. The specially profiled clay court outsole offers excellent grip and stability, even when changing direction quickly. The breathable mesh upper ensures a pleasant foot climate and prevents overheating, even during intense matches. Thanks to its elegant design and sophisticated functionality, this shoe is the perfect companion for players who want to combine speed, precision and comfort. Highlights: Responsive midsole for optimal cushioning and dynamics Special clay court outsole for maximum grip and stability Breathable mesh upper for long-lasting comfort and ventilation With this clay court shoe you can take your game to a new level - for confident performance in every match!",129.95 €,685,129.99 €,"40,5, 41, 42, 42,5, 43, 44, 44,5, 45, 45,5, 46, 47, 47,5, 48,5, 49,5",https://www.tennis-point.de/products/nike-zoom-vapor-pro-3-sandplatzschuh-herren-salbei-gruen-a0000003350302
ASICS,Solution Speed FF 4,"white, pink","Experience speed on the clay court The SOLUTION SPEED FF 4 from ASICS is your perfect companion if you want to dictate the pace on the tennis court. This clay court shoe offers you an unbeatable combination of speed and comfort. The high-quality polyurethane and synthetic upper ensures an ideal fit and durability. Thanks to the innovative rubber outsole, you enjoy optimal grip on the court, while the EVA insole ensures maximum comfort. The textile inner material gives a pleasantly breathable feeling. With the SOLUTION SPEED FF 4 you feel light on your feet and ready to win every rally. Highlights: Top Speed ​​Performance – Experience dynamic freedom of movement like never before. Maximum comfort - The EVA insole provides soft and comfortable support. Grip without compromise - rubber sole ensures perfect grip on clay courts. Get ready to set new standards on the tennis court with the SOLUTION SPEED FF 4.",109.95 €,595,160.00 €,"40, 40,5, 41,5, 42, 42,5, 43,5, 44, 44,5, 45, 46, 46,5, 47, 48, 49, 50,5",https://www.tennis-point.de/products/asics-solution-speed-ff-4-sandplatzschuh-herren-weiss-pink-p0000001261101
K-Swiss,Hypercourt Express 3,"turquoise, multicolored","Maximize your performance with the HYPERCOURT EXPRESS 3 CLAY SMU Discover the HYPERCOURT EXPRESS 3 CLAY SMU from K-Swiss, which was specially developed for the demands of demanding tennis games on clay courts. This high-quality tennis shoe features a breathable textile and mesh upper that ensures optimal air circulation and comfort, while the robust rubber outsole offers excellent grip on clay court surfaces. The soft EVA insole supports every step you take with its excellent cushioning and enables fast, efficient movements. Highlights: Breathable design: Mesh upper ensures optimal air circulation and foot comfort. Specialized for clay courts: Robust rubber sole provides excellent grip on sand. Effective cushioning: EVA insole supports fast movements with excellent cushioning. Experience the difference in the game with the HYPERCOURT EXPRESS 3 CLAY SMU and increase your performance on the court!",149.95 €,775,149.99 €,"41, 41,5, 42, 42,5, 43, 44, 44,5, 45, 46, 47, 49",https://www.tennis-point.de/products/k-swiss-hypercourt-express-3-sandplatzschuh-herren-tuerkis-mehrfarbig-p0000004910401
ASICS,Gel-Challenger 15,"gray, blue-gray","Stability and cushioning for your game on clay The ASICS Gel-Challenger 15 clay court shoe is your reliable partner for intensive matches on the clay court. It offers targeted support for quick changes of direction and longer rallies, combined with pleasant cushioning and optimal ground feel. The GEL technology in the rearfoot area ensures effective shock absorption and supports a comfortable running experience - even under high loads. The TRUSSTIC technology in the midsole stabilizes the midfoot and prevents unwanted twisting during sideways movements. The abrasion-resistant herringbone outsole is specifically designed for clay courts and provides excellent traction for quick slides and stops. Highlights: GEL cushioning system: Soft landings and excellent comfort TRUSSTIC support unit: Provides stability and guidance during dynamic movements Special clay court sole: Herringbone profile for optimal grip and controlled slides Durable upper material: Durable and supportive for a secure playing feel With the ASICS Gel-Challenger 15 clay court shoe you play confidently and dynamically - with the perfect balance of stability, comfort and control the sand court.",89.95 €,405,120.00 €,"40, 40,5, 41,5, 42, 42,5, 43,5, 44, 44,5, 45, 46, 46,5, 47, 48, 49, 50,5",https://www.tennis-point.de/products/asics-gel-challenger-15-sandplatzschuh-herren-grau-blaugrau-a0000002380402
Wilson,Rush Pro 4.5,"black, light green","Dynamics and stability for your clay court game The Wilson Rush Pro 4.5 clay court shoe was specially developed for players who require maximum stability, comfort and explosive mobility on the clay court. With an optimized fit, innovative technologies and an outsole specially developed for ash, it offers you the perfect combination of control and speed. The breathable mesh upper provides comfortable ventilation and a lightweight feel, while the 4D Support Chassis 2.0 technology optimally stabilizes your foot and supports quick changes of direction. The herringbone profile outsole ensures the best grip and controlled gliding on the clay court. Thanks to the improved cushioning system, you experience more comfort with every step and intensive ball changes. Your advantages at a glance: 4D Support Chassis 2.0 for maximum stability and explosive mobility Herringbone clay court sole for optimal grip and controlled sliding Breathable upper material for a light and comfortable fit With the Wilson Rush Pro 4.5 clay court shoe you are ready to make your game on clay even more dynamic and controlled - comfortable, stable and powerful.",97.95 €,540,140.00 €,"40, 40 2/3, 41 1/3, 42, 42 2/3, 43 1/3, 44, 44 2/3, 45 1/3, 46, 46 2/3, 47 1/3, 48",https://www.tennis-point.de/products/wilson-rush-pro-45-sandplatzschuh-herren-schwarzhellgruen-00717502827000
Nike,Zoom Gp Challenge 1.5,"black, neon green","Optimize your tennis game with Zoom Gp Challenge 1.5 Experience unparalleled stability and comfort on the clay court with the Nike Zoom Gp Challenge 1.5 tennis shoes. These clay court shoes, specially developed for men, offer optimal support and ventilation thanks to their synthetic upper material and breathable textile interior. The rubber outsole ensures excellent grip and quick movements, while the EVA insole ensures a comfortable fit. With the advanced technology of Zoom Gp Challenge 1.5 you are ready to take your tennis game to the next level. Highlights: Excellent grip: The rubber outsole offers excellent grip on the clay court. Optimized comfort: Thanks to the EVA insole, you will experience a comfortable fit. Easy breathability: The textile inner material ensures a fresh foot climate. Get the Nike Zoom Gp Challenge 1.5 and dominate the clay court.",134.95 €,710,149.99 €,"40, 40,5, 41, 42, 42,5, 43, 44, 44,5, 45, 45,5, 46, 47, 47,5, 48,5, 49,5",https://www.tennis-point.de/products/nike-zoom-gp-challenge-15-sandplatzschuh-herren-schwarz-neongruen-p0000003340502
Nike,Zoom Gp Challenge 1.5,"sage, black","Optimize your tennis game with Zoom Gp Challenge 1.5 Experience unparalleled stability and comfort on the clay court with the Nike Zoom Gp Challenge 1.5 tennis shoes. These clay court shoes, specially developed for men, offer optimal support and ventilation thanks to their synthetic upper material and breathable textile interior. The rubber outsole ensures excellent grip and quick movements, while the EVA insole ensures a comfortable fit. With the advanced technology of Zoom Gp Challenge 1.5 you are ready to take your tennis game to the next level. Highlights: Excellent grip: The rubber outsole offers excellent grip on the clay court. Optimized comfort: Thanks to the EVA insole, you will experience a comfortable fit. Easy breathability: The textile inner material ensures a fresh foot climate. Get the Nike Zoom Gp Challenge 1.5 and dominate the clay court.",149.95 €,775,149.99 €,"40,5, 41, 42, 42,5, 43, 44, 44,5, 45, 45,5, 46, 47, 47,5, 48,5",https://www.tennis-point.de/products/nike-zoom-gp-challenge-15-sandplatzschuh-herren-salbei-schwarz-p0000003340503
Lacoste,AG-LT Ultra Clay,black-and-white,"Maximize your performance with the AG-LT Ultra Clay Discover the AG-LT Ultra Clay, the ultimate tennis shoe for ambitious clay court players. This high-quality shoe from Lacoste combines innovative technologies with stylish design to offer you not only optimal support but also a fashionable look. Thanks to the carefully selected upper material made of synthetic and textile, the shoes are particularly durable and breathable at the same time. The specially developed rubber outsole provides excellent grip on clay courts, while the EVA topsole provides additional cushioning and comfort. Highlights: Optimum durability: The robust upper material made of synthetic and textile guarantees long-lasting enjoyment of the product. Outstanding grip: Rubber outsole specially designed for clay courts offers maximum grip with every move. Increased comfort: The soft EVA insole provides optimal cushioning and improves the wearing comfort. Increase your performance on the court with the AG-LT Ultra Clay - your key to a new level of tennis!",104.95 €,570,150.00 €,"40, 40,5, 41, 42, 42,5, 43, 44, 44,5, 45, 46, 46,5, 47",https://www.tennis-point.de/products/lacoste-ag-lt-ultra-clay-sandplatzschuh-herren-schwarz-weiss-p0000004760301
Nike,Zoom Gp Challenge 1.5,"light blue, dark blue","Optimize your tennis game with Zoom Gp Challenge 1.5 Experience unparalleled stability and comfort on the clay court with the Nike Zoom Gp Challenge 1.5 tennis shoes. These clay court shoes, specially developed for men, offer optimal support and ventilation thanks to their synthetic upper material and breathable textile interior. The rubber outsole ensures excellent grip and quick movements, while the EVA insole ensures a comfortable fit. With the advanced technology of Zoom Gp Challenge 1.5 you are ready to take your tennis game to the next level. Highlights: Excellent grip: The rubber outsole offers excellent grip on the clay court. Optimized comfort: Thanks to the EVA insole, you will experience a comfortable fit. Easy breathability: The textile inner material ensures a fresh foot climate. Get the Nike Zoom Gp Challenge 1.5 and dominate the clay court.",124.95 €,660,149.99 €,"40, 40,5, 41, 42, 42,5, 43, 44, 44,5, 45, 45,5, 46, 47, 47,5, 48,5, 49,5",https://www.tennis-point.de/products/nike-zoom-gp-challenge-15-sandplatzschuh-herren-hellblau-dunkelblau-p0000003340501
Nike,Zoom Gp Challenge Pro,"sage, black","Tennis performance at the highest level Discover the ultimate comfort and outstanding performance of the Zoom GP Challenge Pro from Nike. This tennis shoe was specially developed for clay courts and offers you a perfect combination of stability and flexibility. Thanks to the synthetic upper material, the shoe adapts perfectly to your foot, while the EVA insole provides excellent cushioning. The rubber outsole provides excellent grip on the clay court, so you can perform confidently with every move. The Zoom Gp Challenge Pro is your reliable partner on the tennis court. Highlights: Optimal fit: Synthetic upper for adaptability Superior cushioning: EVA insole for comfort Excellent grip: Rubber outsole for stability Increase your tennis performance with the Zoom GP Challenge Pro from Nike, your essential tennis shoe for clay courts.",99.95 €,545,99.99 €,"40,5, 41, 42, 42,5, 43, 44, 44,5, 45, 45,5, 46, 47, 47,5, 48,5",https://www.tennis-point.de/products/nike-zoom-gp-challenge-pro-sandplatzschuh-herren-salbei-schwarz-p0000003350903
Wilson,Rush Lite 5,"white, turquoise","Maximum performance on the clay court with the Rush Lite 5 Clay Perfect your tennis game with the Rush Lite 5 Clay from Wilson, the tennis shoe designed specifically for clay courts. Thanks to the high-quality textile and synthetic upper, this shoe combines comfort and durability. The special rubber outsole ensures optimal grip on sand, allowing for quick changes of direction and improved stability. The breathable textile lining keeps your feet cool and dry even during heated matches. With its innovative and targeted support, the Rush Lite 5 Clay delivers the performance you need to dominate on the court. Highlights: Special construction for clay courts: Optimum grip and stability thanks to special rubber outsole. Premium Materials: Combination of textile and synthetic for comfort and durability. Breathability: The textile lining ensures coolness and dryness during play. Experience the professional equipment you need to play your best tennis game.",114.95 €,615,130.00 €,"40, 40 2/3, 41 1/3, 42, 42 2/3, 43 1/3, 44, 44 2/3, 45 1/3, 46, 46 2/3, 47 1/3, 48, 49 1/3",https://www.tennis-point.de/products/wilson-rush-lite-5-sandplatzschuh-herren-weiss-tuerkis-p0000004120301
ASICS,Gel-Challenger 15,"white, pink","Stability and cushioning for your game on clay The ASICS Gel-Challenger 15 clay court shoe is your reliable partner for intensive matches on the clay court. It offers targeted support for quick changes of direction and longer rallies, combined with pleasant cushioning and optimal ground feel. The GEL technology in the rearfoot area ensures effective shock absorption and supports a comfortable running experience - even under high loads. The TRUSSTIC technology in the midsole stabilizes the midfoot and prevents unwanted twisting during sideways movements. The abrasion-resistant herringbone outsole is specifically designed for clay courts and provides excellent traction for quick slides and stops. Highlights: GEL cushioning system: Soft landings and excellent comfort TRUSSTIC support unit: Provides stability and guidance during dynamic movements Special clay court sole: Herringbone profile for optimal grip and controlled slides Durable upper material: Durable and supportive for a secure playing feel With the ASICS Gel-Challenger 15 clay court shoe you play confidently and dynamically - with the perfect balance of stability, comfort and control the sand court.",85.95 €,390,120.00 €,"40, 40,5, 41,5, 42, 42,5, 43,5, 44, 44,5, 45, 46, 46,5, 47, 48, 49, 50,5",https://www.tennis-point.de/products/asics-gel-challenger-15-sandplatzschuh-herren-weiss-pink-a0000002380403
Nike,Zoom Vapor 12,black,"Dynamics and grip for quick matches on clay The Nike Vapor 12 clay court shoe men is the perfect choice for tennis players who are looking for maximum agility and stability on clay courts. Thanks to the specially developed herringbone outsole, the shoe offers optimal grip for quick changes of direction, while the lightweight upper material ensures a comfortable fit. Responsive Zoom Air cushioning ensures optimal shock absorption and explosive acceleration, while reinforced side panels provide additional support. The breathable mesh upper keeps your feet cool and dry - ideal for long, intense matches on clay. Your advantages at a glance: Herringbone profile for perfect grip - Optimal traction on clay courts Zoom Air cushioning - Responsive shock absorption for quick acceleration Breathable, stable design - Light, comfortable and with increased support With the Nike Vapor 12 clay court shoe men you play faster, more stable and with maximum comfort - for your best tennis on clay!",134.95 €,710,160.00 €,"38,5, 39, 40, 40,5, 41, 42, 42,5, 43, 44, 44,5, 45, 45,5, 46, 47, 47,5, 48,5, 49,5",https://www.tennis-point.de/products/nike-zoom-vapor-12-sandplatzschuh-herren-schwarz-00417517841000
HEAD,Sprint Team 4.0,"dark blue, light green","Perfect performance on the clay court with the Sprint Team 4.0 Clay The Sprint Team 4.0 Clay from HEAD combines the latest technologies with optical elegance and offers tennis players everything they need for fast games on clay courts. Equipped with a high-quality rubber sole for optimal grip and a feather-light EVA insole, this tennis shoe guarantees maximum agility and effective cushioning with every step. The breathable mesh in the upper material ensures constant freshness and comfort, even during intense match phases. Highlights: Excellent grip: Robust rubber sole for safe performance on clay courts. Optimal cushioning: Lightweight EVA insole protects the feet from strong impacts. Breathable design: Innovative mesh inserts for more air permeability and comfort. Experience the new generation of tennis shoes with the Sprint Team 4.0 Clay and take your game to the next level!",78.95 €,360,110.00 €,"40, 40,5, 41, 42, 42,5, 43, 44, 44,5, 45, 46, 46,5, 47, 48, 48,5",https://www.tennis-point.de/products/head-sprint-team-40-sandplatzschuh-herren-dunkelblau-hellgruen-p0000004231001
Mizuno,Wave Exceed Court,"white, berry","Experience the comfort of a professional on the clay court. With the Wave Exceed Court tennis shoes from Mizuno you are perfectly equipped for your next match. These clay court shoes impress with their lightweight, synthetic upper material, which offers you excellent freedom of movement. The mix of textile inner material and an EVA insole ensures a comfortable fit that doesn't wear off even after hours of play. The rubber outsole guarantees you exceptional grip and stability on clay courts. The Wave Exceed Series embodies the perfect balance between comfort and performance, exactly what you need for your tennis adventures. Highlights: Lightweight upper material: synthetic for optimal freedom of movement Comfortable insole: EVA material for lasting comfort Stable outsole: rubber for excellent grip on sand Make the difference on the court and rely on the Wave Exceed Court clay court shoes.",79.95 €,365,125.00 €,"36,5, 37, 38, 38,5, 39, 40, 40,5, 41, 42, 42,5, 43",https://www.tennis-point.de/products/mizuno-wave-exceed-court-sandplatzschuh-herren-weiss-berry-07217601219000
adidas,adizero Ubersonic 5,"white, dark blue","Experience agility and comfort on the clay court! With the adizero Ubersonic 5 Clay from adidas you are unbeatable on clay courts. The light material mix of textile and synthetic ensures breathability and comfort, while the clay court sole offers optimal grip. Ideal for players who value speed and flexibility on the pitch. Highlights: Lightweight and breathable design for long-lasting comfort. Specially developed sole for clay court performance. Ideal for dynamic players who want to dominate their opponents.",149.95 €,775,150.00 €,"40, 40 2/3, 41 1/3, 42, 42 2/3, 43 1/3, 44, 44 2/3, 45 1/3, 46, 46 2/3, 47 1/3, 48, 48 2/3, 50",https://www.tennis-point.de/products/adidas-adizero-ubersonic-5-sandplatzschuh-herren-weiss-dunkelblau-00517606857000
HEAD,Sprint Evo 4.0,"cream, red","Discover the Sprint Evo 4.0 - Perfect grip on the clay court The Sprint Evo 4.0 from HEAD is the ultimate choice for ambitious tennis players looking for a high-performance clay court shoe. Thanks to the innovative design based on the proven Sprint series, this shoe offers a perfect combination of stability, flexibility and lightness. The upper material made of high-quality synthetic and mesh ensures optimal breathability and pleasant wearing comfort, while the specially developed rubber outsole ensures excellent grip on clay court surfaces. Whether during intense competitions or training sessions, the Sprint Evo 4.0 supports you in playing your best tennis. Highlights: Optimal ventilation: High-quality materials for breathability and comfort Grip and stability: Specially developed sole for optimal grip on clay courts Light and flexible: For maximum performance without compromise Feel the difference on the court with the Sprint Evo 4.0 from HEAD!",129.95 €,685,130.00 €,"41, 42, 42,5, 43, 44, 44,5, 45, 46, 46,5, 47, 48",https://www.tennis-point.de/products/head-sprint-evo-40-sandplatzschuh-herren-creme-rot-p0000004650201
Nike,Vapor Lite 3,"light blue, coral","Dynamics and comfort combined - the perfect shoe for the clay court. This clay court shoe for men offers the ideal combination of stability, lightness and modern design. Specially developed for dynamic players, it ensures maximum control and a comfortable fit during intense matches on clay courts. The innovative midsole with lightweight cushioning provides optimal shock absorption to relieve joint pressure and support explosive movements. The specially profiled clay court outsole guarantees excellent grip and stability, even when changing direction quickly. The breathable mesh upper ensures your feet stay cool and dry, even during long and demanding matches. With its sporty and elegant design, this shoe is not only functional, but also an eye-catcher on the tennis court. Highlights: Lightweight midsole for optimal cushioning and dynamic mobility Clay court outsole for secure grip and maximum stability on sand surfaces Breathable mesh upper for long-lasting comfort and ideal ventilation Unlock your full potential on the clay court - with a shoe that provides you with optimal support in every playing situation.",76.95 €,355,84.99 €,"40, 40,5, 41, 42, 42,5, 43, 44, 44,5, 45, 45,5, 46, 47, 47,5, 48,5, 49,5",https://www.tennis-point.de/products/nike-vapor-lite-3-sandplatzschuh-herren-hellblau-koralle-a0000003340601
Mizuno,Wave Exceed Tour 7,"red, white","Experience new highlights on the court with the Wave Exceed Tour 7 The Wave Exceed Tour 7 from Mizuno takes your tennis games to the next level. Featuring a high-quality synthetic upper and a flexible rubber outsole, this shoe offers outstanding stability and slip resistance on clay courts. The breathable textile inner material and the EVA insole guarantee optimal comfort and effective cushioning with every step. With its dynamic design, the Wave Exceed Tour 7 is not only functional, but also stylish. Highlights: Optimum stability: Synthetic and rubber materials ensure a secure hold. High wearing comfort: Breathable textile and EVA insole provide first-class cushioning. Stylish design: Modern and functional for the best look while doing sports. Let the quality and performance of the Wave Exceed Tour 7 convince you!",134.95 €,710,150.00 €,"39, 40, 40,5, 41, 42, 42,5, 43, 44, 44,5, 45, 46, 47",https://www.tennis-point.de/products/mizuno-wave-exceed-tour-7-sandplatzschuh-herren-rot-weiss-07217601227000
ASICS,Game FF / OC,"white, petrol","For clay court specialists – control and comfort in one! The Game FF Clay from ASICS combines advanced technology with a robust design. The synthetic leather ensures stability and a precise fit, while the clay court sole provides unparalleled grip. Perfect for players who want to perform at their best on clay. Highlights: Clay court sole for stability and maximum traction. Synthetic leather for durability and comfort. Ideal for precise and dynamic play on sand.",68.95 €,320,90.00 €,"40, 40,5, 41,5, 42, 42,5, 43,5, 44, 44,5, 45, 46, 46,5, 47, 48, 49",https://www.tennis-point.de/products/asics-game-ff-oc-sandplatzschuh-herren-weiss-petrol-a0000002390501
K-Swiss,HYPERCOURT EXPRESS 3 Clay,"white, blue","Maximum performance on the court with the HYPERCOURT EXPRESS 3 Clay. Rediscover the world of tennis with the HYPERCOURT EXPRESS 3 Clay from K-Swiss. Designed specifically for clay courts, this tennis shoe combines cutting-edge technology with exceptional comfort. The breathable mesh upper, together with the synthetic reinforcements, ensures an optimal balance of flexibility and support. Thanks to the robust rubber outsole, the shoe offers excellent traction, while the EVA insole cushions every step, making even long-lasting matches a pleasure. Highlights: Breathable Upper: Mesh and synthetic reinforcements keep your feet cool and dry. Optimized traction: The rubber outsole guarantees excellent grip on clay courts. Comfort with every step: The EVA insole provides effective cushioning and improves your performance. Leave your opponents behind with the HYPERCOURT EXPRESS 3 Clay, the synthesis of innovation and style.",109.95 €,595,149.99 €,"41, 41,5, 42, 42,5, 43, 44, 44,5, 45, 46, 47, 49",https://www.tennis-point.de/products/k-swiss-hypercourt-express-3-clay-sandplatzschuh-herren-weiss-blau-p0000004300802
ASICS,Game FF / OC,"light gray, gray","For clay court specialists – control and comfort in one! The Game FF Clay from ASICS combines advanced technology with a robust design. The synthetic leather ensures stability and a precise fit, while the clay court sole provides unparalleled grip. Perfect for players who want to perform at their best on clay. Highlights: Clay court sole for stability and maximum traction. Synthetic leather for durability and comfort. Ideal for precise and dynamic play on sand.",66.95 €,310,90.00 €,"40, 40,5, 41,5, 42, 42,5, 43,5, 44, 44,5, 45, 46, 46,5, 47, 48, 49",https://www.tennis-point.de/products/asics-game-ff-oc-sandplatzschuh-herren-hellgrau-grau-a0000002390502
HEAD,Sprint Pro 4.0,"dark blue, turquoise","Maximum performance on the clay court Discover the Sprint Pro 4.0 Clay from HEAD, specially developed to meet your requirements on the clay court. With its sturdy synthetic and mesh upper, this tennis shoe offers both incredible durability and premium breathability. Thanks to the specially developed rubber outsole, you have optimal grip with every move. The EVA insole also supports cushioning and ensures a comfortable fit that provides you with excellent support even during long matches. The Sprint Pro 4.0 Clay is your ideal partner for strong performance in clay court play. Highlights: Robust materials: synthetic and mesh for durability and breathability. Optimal traction: Specialized with rubber sole for best play on clay courts. Comfort and cushioning: EVA insole for maximum comfort and optimal support. Step up your game with the Sprint Pro 4.0 Clay – your specialist for outstanding clay court performance!",116.95 €,625,160.00 €,"40, 40,5, 41, 42, 42,5, 43, 44, 44,5, 45, 46, 46,5, 47, 48, 48,5",https://www.tennis-point.de/products/head-sprint-pro-40-sandplatzschuh-herren-dunkelblau-tuerkis-p0000004231201
HEAD,Revolt Pro 5.0,"white, dark blue","Maximum performance on the clay court with Revolt Pro 5.0 Clay When playing tennis on clay, speed and stability are crucial. The Revolt Pro 5.0 Clay from HEAD offers exactly that: a perfect combination of innovative technology and outstanding comfort. The upper material made of high-quality synthetic and breathable mesh ensures exceptional durability and optimal air circulation at the same time. The specially developed EVA insole hugs the foot for improved ball feel and energy return, while the robust rubber outsole ensures optimal grip on clay courts. Highlights: Durable Upper: Synthetic and mesh for durability and breathability. Optimized insole: EVA and synthetic for excellent comfort and energy efficiency. Specialized outsole: rubber for best grip and stability on sand. Discover the difference on the court with the Revolt Pro 5.0 Clay tennis shoes from HEAD!",116.95 €,625,160.00 €,"40, 40,5, 41, 42, 42,5, 43, 44, 44,5, 45, 46, 46,5, 47, 48, 48,5",https://www.tennis-point.de/products/head-revolt-pro-50-sandplatzschuh-herren-weiss-dunkelblau-p0000004230301
Mizuno,Wave Exceed Court,"white, red","Dominance Begins on the Ground Ready to redefine your game on clay? This high-performance shoe was developed for players who make no compromises - neither when it comes to stability nor when it comes to power. With every movement you feel how the shoe supports you: whether explosive sprints to the line or lightning-fast changes of direction - you stay in balance while your opponent starts to slide. The combination of cushioning and grip gives you decisive advantages in long rallies. Thanks to the innovative sole construction, the shoe offers optimal grip on sand and enables flowing movements with maximum control. Breathable materials also ensure a fresh feeling – match after match. Rely on performance to carry you when it matters most. Highlights at a glance Optimized outsole for clay courts - perfect grip for slides and stops Wave technology - ensures reactive cushioning and stability with every step Breathable upper material - keeps your feet pleasantly cool, even during intense matches",106.95 €,580,125.00 €,"39, 40, 40,5, 41, 42, 42,5, 43, 44, 44,5, 45, 46, 47",https://www.tennis-point.de/products/mizuno-wave-exceed-court-sandplatzschuh-herren-weiss-rot-07217601229000
Babolat,Jet Mach 4,"black, neon yellow","Perfection on the court with the JET M4 CLY The JET M4 CLY is a high-performance clay court shoe from Babolat, specially designed for tennis players who don't accept compromises. With a sophisticated combination of synthetic and mesh in the upper, this shoe offers excellent breathability and lasting durability. The textile interior ensures comfort with every move, while the rubber outsole ensures aggressive grip and stability on clay courts. The wearing comfort is rounded off by the EVA insole, which cushions every step and thus reduces the strain on the joints. Highlights: Thoughtful choice of materials: synthetics and mesh offer durability and breathability. Optimal game performance: Special rubber outsole for first-class grip on clay courts. Comfort with every movement: EVA insole supported by excellent cushioning. Discover the optimal combination of comfort and performance with the JET M4 CLY for men, the tennis shoe that will take you forward on the court!",129.95 €,685,160.00 €,"40, 40,5, 41, 42, 42,5, 43, 44, 44,5, 45, 46, 46,5, 47",https://www.tennis-point.de/products/babolat-jet-mach-4-sandplatzschuh-herren-schwarz-neongelb-p0000002661202
K-Swiss,COURT EXPRESS 2 Clay,"gray, white","Dynamic shoe for top performance on clay The K-Swiss Court Express 2 clay court shoe for men is the ideal choice for ambitious tennis players who want to give their best on clay courts. With its well-thought-out construction, it offers stability, comfort and optimal traction to take your game to the next level. The durable sole ensures excellent grip on sand, while the breathable upper material guarantees a pleasant foot climate. The combination of white and dark blue gives the shoe a modern, sporty look. Thanks to the light but robust construction, you can fully concentrate on your game. Highlights at a glance: Special clay court sole: Perfect grip for maximum control and mobility. Breathable design: Keeps your feet fresh even during intense matches. Comfortable fit: Optimal fit for long periods of wear without pressure points. The K-Swiss Court Express 2 clay court shoe is the perfect partner for your game - powerful, comfortable and always stylish!",58.95 €,280,79.99 €,"41, 41,5, 42, 42,5, 43, 44, 44,5, 45, 46, 47",https://www.tennis-point.de/products/k-swiss-court-express-2-clay-sandplatzschuh-herren-grau-weiss-a0000004301101
Wilson,Rush Pro 5,"black, neon red","Perfect your tennis game with the Rush Pro 5 Clay Reach new heights on the clay court with the RUSH PRO 5 CLAY from Wilson. This advanced tennis shoe was designed specifically for ambitious players who value speed and precision. The textile and synthetic upper offers an optimal balance between comfort and long-lasting support, while the specially developed rubber outsole provides the necessary traction and stability on clay courts. With its thoughtful construction and adaptable fit, the Rush Pro 5 Clay lets every player play their best tennis. Highlights: Upper material mix: textile and synthetic for durability and breathable comfort Optimized rubber outsole: Offers excellent traction and stability on clay courts Comfort and fit: Ideal for intensive matches thanks to high-quality inner material and well-thought-out cut With the Rush Pro 5 Clay you are always ahead on the court!",144.95 €,755,160.00 €,"40, 40 2/3, 41 1/3, 42, 42 2/3, 43 1/3, 44, 44 2/3, 45 1/3, 46, 46 2/3, 47 1/3, 48, 49 1/3",https://www.tennis-point.de/products/wilson-rush-pro-5-sandplatzschuh-herren-schwarz-neonrot-p0000004120703
adidas,adizero Ubersonic 5,"dark blue, white","Experience agility and comfort on the clay court! With the adizero Ubersonic 5 Clay from adidas you are unbeatable on clay courts. The light material mix of textile and synthetic ensures breathability and comfort, while the clay court sole offers optimal grip. Ideal for players who value speed and flexibility on the pitch. Highlights: Lightweight and breathable design for long-lasting comfort. Specially developed sole for clay court performance. Ideal for dynamic players who want to dominate their opponents.",149.95 €,775,150.00 €,"40, 40 2/3, 41 1/3, 42, 42 2/3, 43 1/3, 44, 44 2/3, 45 1/3, 46, 46 2/3, 47 1/3, 48, 48 2/3, 50",https://www.tennis-point.de/products/adidas-adizero-ubersonic-5-sandplatzschuh-herren-dunkelblau-weiss-00517606862000
Nike,Vapor Lite 3,"sage, black","Dynamics and comfort combined - the perfect shoe for the clay court. This clay court shoe for men offers the ideal combination of stability, lightness and modern design. Specially developed for dynamic players, it ensures maximum control and a comfortable fit during intense matches on clay courts. The innovative midsole with lightweight cushioning provides optimal shock absorption to relieve joint pressure and support explosive movements. The specially profiled clay court outsole guarantees excellent grip and stability, even when changing direction quickly. The breathable mesh upper ensures your feet stay cool and dry, even during long and demanding matches. With its sporty and elegant design, this shoe is not only functional, but also an eye-catcher on the tennis court. Highlights: Lightweight midsole for optimal cushioning and dynamic mobility Clay court outsole for secure grip and maximum stability on sand surfaces Breathable mesh upper for long-lasting comfort and ideal ventilation Unlock your full potential on the clay court - with a shoe that provides you with optimal support in every playing situation.",84.95 €,385,84.99 €,"40,5, 41, 42, 42,5, 43, 44, 44,5, 45, 45,5, 46, 47, 47,5, 48,5",https://www.tennis-point.de/products/nike-vapor-lite-3-sandplatzschuh-herren-salbei-schwarz-a0000003340602
Wilson,Rush Pro Ace,"black, neon green","Stability and comfort for your game on clay The Wilson Rush Pro Ace clay court shoe was specially developed for players who value reliable support, comfort and control on the clay court. With its supportive design and grippy outsole, it is the perfect companion for quick rallies and dynamic movements. The generous fit offers a lot of comfort, while the R-DST+ cushioning in the midsole ensures optimal energy return and impact protection. The specially profiled sole provides excellent grip on clay courts so that you remain stable with every step - even when changing direction quickly. Your advantages at a glance: Clay court outsole for the best grip and controlled movements R-DST+ cushioning for high comfort and responsiveness Comfortable fit ideal for longer matches and intensive play With the Wilson Rush Pro Ace clay court shoe you can take your game to a new level - stable, comfortable and ready for any rally.",83.95 €,380,120.00 €,"40, 40 2/3, 41 1/3, 42, 42 2/3, 43 1/3, 44, 44 2/3, 45 1/3, 46, 46 2/3, 47 1/3, 48",https://www.tennis-point.de/products/wilson-rush-pro-ace-sandplatzschuh-herren-schwarzneongruen-00717502826000
adidas,Defiant Speed 2,"white, orange","Lightness and control for your game on clay The adidas Defiant Speed ​​2 clay court shoe impresses with a lightweight, responsive design that is specially developed for fast movements on clay courts. Whether sprinting to the baseline or making explosive changes of direction, this shoe offers you reliable grip and a direct feel so you can develop your full potential on the court. The breathable upper material conforms comfortably to your foot and provides a light, supportive feel. The midsole with comfortable cushioning reduces the strain during intensive movements and at the same time offers you the energy you need for your game. The profiled outsole is designed for optimal traction and stability on sand. Your advantages at a glance: Lightweight, breathable upper material for high wearing comfort Cushioning midsole for reactive movements and impact protection Special clay court outsole for reliable grip and stability With the adidas Defiant Speed ​​2 clay court shoe you play fast, controlled and safe - ideal for your next match on clay.",93.95 €,520,120.00 €,"40, 40 2/3, 41 1/3, 42, 42 2/3, 43 1/3, 44, 44 2/3, 45 1/3, 46, 46 2/3, 47 1/3, 48, 48 2/3, 50",https://www.tennis-point.de/products/adidas-defiant-speed-2-sandplatzschuh-herren-weiss-orange-00517606847000
HEAD,Revolt Pro 5.0,"dark blue, turquoise","Maximum performance on the clay court: The Revolt Pro 5.0 Clay from HEAD The Revolt Pro 5.0 Clay from HEAD is the tennis shoe that will significantly improve your playing quality on clay courts. Developed for the highest demands and stability, this model offers you excellent breathability and comfort thanks to the innovative use of synthetics and mesh in the upper material. The rubber outsole, specifically designed for clay courts, provides excellent grip on the court and enables fast, precise movements. In addition, the EVA and synthetics in the insole provide additional cushioning and stability during intense matches. Highlights: Innovative upper: synthetic and mesh for breathability and comfort. Optimized outsole: Specifically designed for clay courts, promotes maximum grip and mobility. Instant cushioning: EVA and synthetic insole provides comfort and stability with every step. Step up your game with the Revolt Pro 5.0 Clay and experience the difference on the court!",129.95 €,685,160.00 €,"40, 40,5, 41, 42, 42,5, 43, 44, 44,5, 45, 46, 46,5, 47, 48, 48,5",https://www.tennis-point.de/products/head-revolt-pro-50-sandplatzschuh-herren-dunkelblau-tuerkis-p0000004231101
New Balance,FuelCell 796v5,"white, dark blue","Take your tennis game to a new level Tennis is not just a sport, but a passion. With the FuelCell 796v5 from New Balance you will experience an exceptional playing feeling on clay courts. These men's tennis shoes offer the perfect combination of lightness and stability you expect from a high-performance shoe. The breathable mesh upper ensures your feet stay cool and dry during even the most intense matches. At the same time, FuelCell technology provides energetic push-off with every step. The robust rubber outsole guarantees optimal grip on the clay court and prevents slipping so that you can act without restrictions. Highlights: Lightweight mesh upper - For maximum breathability and comfort FuelCell technology - Enables explosive push-off Rubber outsole - Provides excellent grip and stability on clay courts Experience the freedom and stability you need to perform your best on the court with the FuelCell 796v5 tennis shoes.",77.95 €,355,100.00 €,"40,5, 41,5, 42, 42,5, 43, 44, 44,5, 45, 45,5, 46,5",https://www.tennis-point.de/products/new-balance-fuelcell-796v5-sandplatzschuh-herren-weiss-dunkelblau-p0000002500301
Babolat,Jet Mach 4,"red, white","Perfection on the court with the JET M4 CLY The JET M4 CLY is a high-performance clay court shoe from Babolat, specially designed for tennis players who don't accept compromises. With a sophisticated combination of synthetic and mesh in the upper, this shoe offers excellent breathability and lasting durability. The textile interior ensures comfort with every move, while the rubber outsole ensures aggressive grip and stability on clay courts. The wearing comfort is rounded off by the EVA insole, which cushions every step and thus reduces the strain on the joints. Highlights: Thoughtful choice of materials: synthetics and mesh offer durability and breathability. Optimal game performance: Special rubber outsole for first-class grip on clay courts. Comfort with every movement: EVA insole supported by excellent cushioning. Discover the optimal combination of comfort and performance with the JET M4 CLY for men, the tennis shoe that will take you forward on the court!",129.95 €,685,160.00 €,"40, 40,5, 41, 42, 42,5, 43, 44, 44,5, 45, 46, 46,5, 47",https://www.tennis-point.de/products/babolat-jet-mach-4-sandplatzschuh-herren-rot-weiss-p0000002661201
Nike,Zoom Gp Challenge Pro,black-and-white,"Tennis performance at the highest level Discover the ultimate comfort and outstanding performance of the Zoom GP Challenge Pro from Nike. This tennis shoe was specially developed for clay courts and offers you a perfect combination of stability and flexibility. Thanks to the synthetic upper material, the shoe adapts perfectly to your foot, while the EVA insole provides excellent cushioning. The rubber outsole provides excellent grip on the clay court, so you can perform confidently with every move. The Zoom Gp Challenge Pro is your reliable partner on the tennis court. Highlights: Optimal fit: Synthetic upper for adaptability Superior cushioning: EVA insole for comfort Excellent grip: Rubber outsole for stability Increase your tennis performance with the Zoom GP Challenge Pro from Nike, your essential tennis shoe for clay courts.",69.95 €,325,99.95 €,"40, 40,5, 41, 42, 42,5, 43, 44, 44,5, 45, 45,5, 46, 47, 47,5, 48,5",https://www.tennis-point.de/products/nike-zoom-gp-challenge-pro-sandplatzschuh-herren-schwarz-weiss-p0000003350902
K-Swiss,ULTRASHOT LIGHT Clay,"white, blue","Maximize your tennis performance with the ULTRASHOT LIGHT Clay Discover the optimal combination of stability and comfort with the ULTRASHOT LIGHT Clay, specially developed for ambitious tennis players. This premium model from the renowned K-Swiss Ultrashot series offers cooling air circulation and pleasant flexibility thanks to its innovative upper material made of mesh and synthetic. The clay court shoe with a durable rubber outsole and a supportive EVA insole guarantees excellent traction and effective shock absorption. The breathable textile lining also ensures lasting comfort, even during intensive match phases. Highlights: Air Mesh Upper: Provides excellent breathability and lightweight flexibility. Rubber outsole: Promises high durability and optimal grip on clay courts. Comfortable EVA insole: Supports every step you take with excellent cushioning. Increase your performance on the pitch now with the ULTRASHOT LIGHT Clay!",79.95 €,365,99.99 €,"41, 41,5, 42, 42,5, 43, 44, 44,5, 45, 46, 47",https://www.tennis-point.de/products/k-swiss-ultrashot-light-clay-sandplatzschuh-herren-weiss-blau-p0000004301302
Wilson,Rush Pro 5,"white, turquoise","Perfect your tennis game with the Rush Pro 5 Clay Reach new heights on the clay court with the RUSH PRO 5 CLAY from Wilson. This advanced tennis shoe was designed specifically for ambitious players who value speed and precision. The textile and synthetic upper offers an optimal balance between comfort and long-lasting support, while the specially developed rubber outsole provides the necessary traction and stability on clay courts. With its thoughtful construction and adaptable fit, the Rush Pro 5 Clay lets every player play their best tennis. Highlights: Upper material mix: textile and synthetic for durability and breathable comfort Optimized rubber outsole: Offers excellent traction and stability on clay courts Comfort and fit: Ideal for intensive matches thanks to high-quality inner material and well-thought-out cut With the Rush Pro 5 Clay you are always ahead on the court!",144.95 €,755,160.00 €,"40, 40 2/3, 41 1/3, 42, 42 2/3, 43 1/3, 44, 44 2/3, 45 1/3, 46, 46 2/3, 47 1/3, 48, 49 1/3",https://www.tennis-point.de/products/wilson-rush-pro-5-sandplatzschuh-herren-weiss-tuerkis-p0000004120701
Nike,Zoom Gp Challenge Pro,"blue, coral","Tennis performance at the highest level Discover the ultimate comfort and outstanding performance of the Zoom GP Challenge Pro from Nike. This tennis shoe was specially developed for clay courts and offers you a perfect combination of stability and flexibility. Thanks to the synthetic upper material, the shoe adapts perfectly to your foot, while the EVA insole provides excellent cushioning. The rubber outsole provides excellent grip on the clay court, so you can perform confidently with every move. The Zoom Gp Challenge Pro is your reliable partner on the tennis court. Highlights: Optimal fit: Synthetic upper for adaptability Superior cushioning: EVA insole for comfort Excellent grip: Rubber outsole for stability Increase your tennis performance with the Zoom GP Challenge Pro from Nike, your essential tennis shoe for clay courts.",65.95 €,310,99.95 €,"40, 40,5, 41, 42, 42,5, 43, 44, 44,5, 45, 45,5, 46, 47, 47,5, 48,5",https://www.tennis-point.de/products/nike-zoom-gp-challenge-pro-sandplatzschuh-herren-blau-koralle-p0000003350901
K-Swiss,HYPERCOURT EXPRESS 3 Clay,"dark gray, beige","Maximum performance on the court with the HYPERCOURT EXPRESS 3 Clay. Rediscover the world of tennis with the HYPERCOURT EXPRESS 3 Clay from K-Swiss. Designed specifically for clay courts, this tennis shoe combines cutting-edge technology with exceptional comfort. The breathable mesh upper, together with the synthetic reinforcements, ensures an optimal balance of flexibility and support. Thanks to the robust rubber outsole, the shoe offers excellent traction, while the EVA insole cushions every step, making even long-lasting matches a pleasure. Highlights: Breathable Upper: Mesh and synthetic reinforcements keep your feet cool and dry. Optimized traction: The rubber outsole guarantees excellent grip on clay courts. Comfort with every step: The EVA insole provides effective cushioning and improves your performance. Leave your opponents behind with the HYPERCOURT EXPRESS 3 Clay, the synthesis of innovation and style.",114.95 €,615,149.99 €,"41, 41,5, 42, 42,5, 43, 44, 44,5, 45, 46, 47, 49",https://www.tennis-point.de/products/k-swiss-hypercourt-express-3-clay-sandplatzschuh-herren-dunkelgrau-beige-p0000004300801
adidas,Barricade 14,"light gray, dark blue","Ready to Control the Court The Barricade 14 tennis shoe is made for players who aren't afraid to dictate the game. Building on legendary successes, this model has been redesigned to combine stability, comfort and durability in a lighter and more dynamic design. The custom-woven mesh upper provides ventilation, stretch and a secure fit. The Lighttraxion outsole reduces weight without compromising grip on hard courts. adidas Repetitor delivers consistent energy return and stability, while the padded collar and tongue provide comfort. The Adituff abrasion zone improves slip control. Your highlights Stability and control Ideal for quick changes of direction. Lightweight, comfortable to wear even during intense matches. Long-lasting performance Constant energy return. Feel the difference and take your game to the next level.",159.95 €,825,160.00 €,"40, 40 2/3, 41 1/3, 42, 42 2/3, 43 1/3, 44, 44 2/3, 45 1/3, 46, 46 2/3, 47 1/3, 48, 48 2/3, 50",https://www.tennis-point.de/products/adidas-barricade-14-sandplatzschuh-herren-hellgrau-dunkelblau-00517606846000
K-Swiss,ULTRASHOT 4 Clay,"blue, turquoise","Maximum stability and durability for clay court matches The K-Swiss Ultrashot 4 men's clay court shoe was specially developed for tennis players who require maximum stability, traction and durability on clay courts. Thanks to DragGuard 7.0 technology and the durable Aösta 7.0 rubber outsole, this shoe offers optimal protection against abrasion and ensures excellent traction on sand. Responsive Surge 7.0 cushioning ensures maximum comfort and energy return, while the DuraWrap X upper provides additional protection and stability during fast movements. The reinforced heel construction ensures optimal support, so you can concentrate safely and focused on your game. Your advantages at a glance: DragGuard 7.0, Aösta 7.0 rubber outsole - extremely abrasion-resistant for clay courts Surge 7.0 cushioning - responsive for high wearing comfort DuraWrap",152.95 €,790,199.99 €,"41, 41,5, 42, 42,5, 43, 44, 44,5, 45, 46, 47",https://www.tennis-point.de/products/k-swiss-ultrashot-4-clay-sandplatzschuh-herren-blau-tuerkis-a0000004310801
On,THE ROGER Pro Fire,"black, gray","Perfect your tennis game with THE ROGER Pro Fire Clay Discover outstanding performance with THE ROGER Pro Fire Clay tennis shoes. These exceptional clay court shoes from On offer the ideal combination of comfort and functionality. The breathable mesh upper combined with the durable polyester ensures a pleasantly light feel and promotes maximum freedom of movement with every step. The grippy rubber outsole offers you optimal grip and stability on clay courts, while the EVA insole offers additional comfort. Experience tennis at a new level and dominate the game in style. Highlights: Excellent breathability: Mesh upper material ensures optimal ventilation Maximum stability: Special rubber outsole for the best grip on clay courts Ultimate comfort: EVA insole adapts to the shape of your foot Become unbeatable on the clay courts with THE ROGER Pro Fire Clay tennis shoes.",191.95 €,970,210.00 €,"40, 40,5, 41, 42, 42,5, 43, 44, 44,5, 45, 46, 47, 47,5, 48, 49",https://www.tennis-point.de/products/on-the-roger-pro-fire-sandplatzschuh-herren-schwarz-grau-a0000003280502
Diadora,Trofeo 4,"white, black","Discover perfection on the court with the TROFEO 4 CLAY Specially developed for passionate tennis players, the TROFEO 4 CLAY from Diadora offers unbeatable performance on clay courts. Thanks to the robust synthetic upper and the specially manufactured rubber outsole, this clay court shoe guarantees optimal traction and durability with every shot. Take the initiative on the court with shoes made for your winning ambitions. The sophisticated design of the TROFEO 4 CLAY helps you increase your mobility and maintain control at all times. Highlights: Robust Material: Synthetic upper provides durability and support. Optimized traction: Special rubber outsole for maximum performance on clay courts. Movement support: Innovative design promotes agility and speed on the court. With the TROFEO 4 CLAY you will always stay one step ahead in the game!",94.95 €,525,110.00 €,"41, 42, 42,5, 43, 44, 44,5, 45, 45,5, 46, 47, 47,5, 48, 49",https://www.tennis-point.de/products/diadora-trofeo-4-sandplatzschuh-herren-weiss-schwarz-p0000003980701
New Balance,FuelCell 996v6,"petrol, green","Maximize your performance with the FuelCell 996v6 Discover the FuelCell 996v6, the latest innovation in tennis shoes from New Balance. This shoe, specially developed for the clay court, not only offers excellent comfort but also optimal air circulation thanks to its breathable mesh and textile upper. The revolutionary FuelCell technology guarantees unique energy recovery and enables fast, dynamic movements on the pitch. Highlights: Breathable material: mesh and textile for optimal air exchange and comfort. FuelCell Technology: Provides excellent energy recovery and support with every step. Stability and grip: Robust rubber outsole for excellent traction on clay courts. Increase your agility and performance with the FuelCell 996v6 from New Balance at your next match!",114.95 €,615,140.00 €,"40,5, 41,5, 42, 42,5, 43, 44, 44,5, 45, 45,5, 46,5, 47,5, 49",https://www.tennis-point.de/products/new-balance-fuelcell-996v6-sandplatzschuh-herren-petrol-gruen-p0000002500401
Diadora,Blushield Torneo 3,"white, petrol","Maximum stability and comfort for clay court players The Diadora Blushield Torneo 3 men's clay court shoe was specially developed for tennis players who need maximum stability, traction and cushioning on clay courts. The specially designed clay court outsole provides excellent grip and enables fast, safe movements on the clay. Thanks to the innovative Blushield technology, the shoe effectively absorbs shock and supports natural foot movement, relieving your joints and increasing your playing comfort. The robust and breathable upper ensures optimal ventilation and durability, while reinforced areas in the toe and heel areas provide additional protection. Your advantages at a glance: Blushield technology - optimal cushioning and stability for long matches Clay court outsole - maximum grip and maneuverability on sand Breathable, durable upper material - for long-lasting comfort With the Diadora Blushield Torneo 3 clay court shoe men you enjoy maximum comfort, stability and control on the clay court - perfect for demanding tennis games!",129.95 €,685,155.00 €,"41, 42, 42,5, 43, 44, 44,5, 45, 45,5, 46, 47, 47,5, 48, 49",https://www.tennis-point.de/products/diadora-blushield-torneo-3-sandplatzschuh-herren-weiss-petrol-a0000003980601
K-Swiss,Express Light 3,"gray, khaki","Power and comfort in one shoe The Express Light 3 from K-Swiss is a lightweight tennis shoe designed for on-court performance and a high level of comfort. This updated model of its successful predecessor features DuraWrap Flex, a redesigned, molded RPU construction that provides flexible support and draft protection. Inside, a well-padded collar provides comfort and stability, while a die-cut foam insole provides responsive cushioning underfoot. The Express Light 3 has an HB outsole with a deep herringbone tread pattern for excellent traction on clay courts. The highlights of the K-Swiss Express Light 3 Upper made of synthetic leather Textile lining on the shaft edge Molded rubber outsole CMEVA midsole Ortholite insole Lacing",89.95 €,405,119.99 €,"41, 41,5, 42, 42,5, 43, 44, 44,5, 45, 46, 47, 49",https://www.tennis-point.de/products/k-swiss-express-light-3-sandplatzschuh-herren-weiss-hellblau-a0000004310403
adidas,Defiant Speed 2,"white, dark blue","Lightness and control for your game on clay The adidas Defiant Speed ​​2 clay court shoe impresses with a lightweight, responsive design that is specially developed for fast movements on clay courts. Whether sprinting to the baseline or making explosive changes of direction, this shoe offers you reliable grip and a direct feel so you can develop your full potential on the court. The breathable upper material conforms comfortably to your foot and provides a light, supportive feel. The midsole with comfortable cushioning reduces the strain during intensive movements and at the same time offers you the energy you need for your game. The profiled outsole is designed for optimal traction and stability on sand. Your advantages at a glance: Lightweight, breathable upper material for high wearing comfort Cushioning midsole for reactive movements and impact protection Special clay court outsole for reliable grip and stability With the adidas Defiant Speed ​​2 clay court shoe you play fast, controlled and safe - ideal for your next match on clay.",119.95 €,640,120.00 €,"40, 40 2/3, 41 1/3, 42, 42 2/3, 43 1/3, 44, 44 2/3, 45 1/3, 46, 46 2/3, 47 1/3, 48, 48 2/3, 50",https://www.tennis-point.de/products/adidas-defiant-speed-2-sandplatzschuh-herren-weiss-dunkelblau-00517606861000
K-Swiss,ULTRASHOT LIGHT Clay,"white, black","Maximize your tennis performance with the ULTRASHOT LIGHT Clay Discover the optimal combination of stability and comfort with the ULTRASHOT LIGHT Clay, specially developed for ambitious tennis players. This premium model from the renowned K-Swiss Ultrashot series offers cooling air circulation and pleasant flexibility thanks to its innovative upper material made of mesh and synthetic. The clay court shoe with a durable rubber outsole and a supportive EVA insole guarantees excellent traction and effective shock absorption. The breathable textile lining also ensures lasting comfort, even during intensive match phases. Highlights: Air Mesh Upper: Provides excellent breathability and lightweight flexibility. Rubber outsole: Promises high durability and optimal grip on clay courts. Comfortable EVA insole: Supports every step you take with excellent cushioning. Increase your performance on the pitch now with the ULTRASHOT LIGHT Clay!",72.95 €,335,99.99 €,"41, 41,5, 42, 42,5, 43, 44, 44,5, 45, 46, 47",https://www.tennis-point.de/products/k-swiss-ultrashot-light-clay-sandplatzschuh-herren-weiss-schwarz-p0000004301301
K-Swiss,ULTRASHOT TEAM 2 Clay,"white, blue","Maximize your performance with ULTRASHOT TEAM 2 Clay Increase your agility on the court with the ULTRASHOT TEAM 2 Clay tennis shoes from K-Swiss. These shoes, specially designed for clay courts, offer the perfect combination of breathability and support thanks to their robust mesh and synthetic material. Thanks to the innovative rubber tread with special clay court profiling, you always have optimal grip when changing direction quickly. The EVA footbed and soft, textile inner material also provide outstanding comfort and shock absorption throughout the game. Highlights: Material properties: Breathable mesh and robust synthetic material for optimal performance. Comfort and cushioning: Soft EVA footbed and textile inner material ensure excellent wearing comfort. Optimized for clay courts: The special rubber outsole guarantees the best grip and stability on clay courts. Experience the difference on the tennis court with the ULTRASHOT TEAM 2 Clay – for more dynamism and fun!",93.95 €,520,129.99 €,"41, 41,5, 42, 42,5, 43, 44, 44,5, 45, 46, 47",https://www.tennis-point.de/products/k-swiss-ultrashot-team-2-clay-sandplatzschuh-herren-weiss-blau-p0000004310901
HEAD,Sprint Pro 4.0,"light gray, purple","Maximize your performance with the Sprint Pro 4.0 Clay HEAD's Sprint Pro 4.0 Clay is the ultimate choice for any tennis player striving for peak performance on clay courts. Thanks to the combination of high-quality synthetics and breathable mesh in the upper, this shoe not only offers excellent durability, but also optimal ventilation during intense matches. With its specially developed EVA insole and robust rubber outsole, the Sprint Pro 4.0 Clay offers excellent cushioning and reliable traction on clay courts. Perfect your game with a shoe designed for performance. Highlights: Robust upper material: synthetic and mesh ensure durability and breathability. Optimized traction: The rubber outsole guarantees excellent grip on clay courts. Comfortable cushioning: EVA insole supports with excellent shock absorption. Discover the difference that specialized footwear can make in the game of tennis with the Sprint Pro 4.0 Clay.",116.95 €,625,160.00 €,"40, 40,5, 41, 42, 42,5, 43, 44, 44,5, 45, 46, 46,5, 47, 48, 48,5",https://www.tennis-point.de/products/head-sprint-pro-40-sandplatzschuh-herren-hellgrau-lila-p0000004230201
HEAD,Sprint Pro 4.0,"red, dark red","Discover the Sprint Pro 4.0 Clay for maximum performance on clay courts. With the Sprint Pro 4.0 Clay tennis shoes from HEAD you can reach new performance heights on the clay courts. These shoes, specially developed for the requirements of the clay court, combine advanced technologies with the highest level of comfort. The synthetic and mesh upper guarantees optimal ventilation and keeps your feet cool and dry even during the most intense matches. The sophisticated construction provides maximum stability and support, while the flexible EVA insole provides excellent cushioning that protects and supports with every step. Highlights: Breathable Material: Synthetic and mesh provide superior ventilation. Optimal cushioning: EVA insole for the best possible comfort and shock absorption. Clay Court Specific Design: Rubber outsole for excellent traction on clay. Let the Sprint Pro 4.0 Clay tennis shoes take you to a new level of your playing ability.",114.95 €,615,160.00 €,"40, 40,5, 41, 42, 42,5, 43, 44, 44,5, 45, 46, 46,5, 47, 48, 48,5",https://www.tennis-point.de/products/head-sprint-pro-40-sandplatzschuh-herren-rot-dunkelrot-p0000004231501
ASICS,Gel-Resolution X,"pink, white","Ultimate grip on the clay court with the GEL-RESOLUTION X Reach your full potential on the court with the GEL-RESOLUTION X from ASICS. As a specially developed clay court shoe, it offers you the perfect combination of stability and flexibility. The upper material made of polyurethane and synthetic material ensures excellent support and durability, while the breathable textile interior ensures a comfortable foot climate. The EVA insole ensures optimal cushioning and comfort. The sturdy rubber outsole also provides excellent traction on sandy surfaces, so you can perform at your best in every match on the clay court. Highlights: Stability and flexibility - Perfect mix for an unshakable hold on the clay court Breathable comfort - Textile inner material for a finely tuned foot climate Excellent traction - Rubber outsole for maximum grip during rapid movements Discover the GEL-RESOLUTION X tennis shoes now and dominate the game on the clay court.",127.95 €,675,160.00 €,"40,5, 41,5, 42, 42,5, 43,5, 44, 44,5, 45, 46, 46,5, 47, 48, 49, 50,5",https://www.tennis-point.de/products/asics-gel-resolution-x-sandplatzschuh-herren-pink-weiss-p0000001280303
On,THE ROGER ADV Pro,"mint, white","Maximum playing comfort on the tennis court Experience the ultimate tennis pleasure with THE ROGER ADV Pro Clay tennis shoes. These shoes, specially developed for the clay court, offer you a perfect combination of lightness and durability. The breathable textile upper provides optimal ventilation so you can fully concentrate on your game. The durable rubber outsole offers excellent grip, while the EVA insole ensures a high level of comfort. The Roger Advantage Pro series combines functionality with style and offers you exactly the support you need on the pitch. Highlights: Maximum breathability: textile upper for fresh feet Excellent grip: rubber outsole for a secure grip on the clay court Ergonomic comfort: EVA insole for long-lasting comfort Increase your performance on the tennis court with THE ROGER ADV Pro Clay and experience the difference.",154.95 €,800,170.00 €,"40, 40,5, 41, 42, 42,5, 43, 44, 44,5, 45, 46, 47, 47,5, 48, 49",https://www.tennis-point.de/products/on-the-roger-adv-pro-sandplatzschuh-herren-mint-weiss-p0000003190501
K-Swiss,HYPERCOURT SUPREME 2 Clay,"blue, white","Maximum power for your clay court game Do you want to impress with speed and control on the clay court? Then the K-Swiss Hypercourt Supreme 2 is exactly your shoe. The Hypercourt series from K-Swiss stands for explosive movements, sporty dynamics and uncompromising comfort - developed for players who put pressure on every point. The Hypercourt Supreme 2 combines all of this in an advanced, modern design with an optimized fit and improved responsiveness. Thanks to the outsole specially designed for clay courts, you can enjoy the best possible traction and stability - no matter how fast your sprints and slides are. Cushioning technology keeps you feeling fresh and responsive even during long matches. With the K-Swiss Hypercourt Supreme 2 you dominate the game from the baseline to the net - with style, comfort and full control. Highlights at a glance Pure clay court performance - specially profiled outsole for optimal grip during quick changes of direction Maximum energy return - responsive cushioning for explosive movements Sporty comfort - breathable materials and perfect fit for hours of comfort",129.95 €,685,169.99 €,"41, 41,5, 42, 42,5, 43, 44, 44,5, 45, 46, 47, 49",https://www.tennis-point.de/products/k-swiss-hypercourt-supreme-2-clay-sandplatzschuh-herren-blau-weiss-a0000004310601
Diadora,Speed Blushield Fly 5,"petrol, black","Maximum performance on the clay court Discover the SPEED BLUSHIELD FLY 5 CLAY - the tennis shoe that was specially designed for demanding clay court matches. With its highly developed Speed ​​Blushield technology, this shoe from Diadora guarantees the highest level of comfort and agility. The durable synthetic upper provides excellent support while being breathable to keep your feet cool and dry even during intense play. The rubber outsole ensures perfect grip on the clay court, allowing you to move quickly and safely. Highlights: Advanced technology: Integrated Speed ​​Blushield technology for optimal mobility and stability. Robust upper material: Breathable synthetic material ensures durability and comfort. Optimal traction: Special rubber outsole for excellent traction on clay courts. Rely on the SPEED BLUSHIELD FLY 5 CLAY and play the best tennis of your life!",89.95 €,405,150.00 €,"41, 42, 42,5, 43, 44, 44,5, 45, 45,5, 46, 47, 47,5, 48, 49",https://www.tennis-point.de/products/diadora-speed-blushield-fly-5-sandplatzschuh-herren-petrol-schwarz-p0000003981501
Diadora,B.Icon 3,"turquoise, white","Dynamic clay court shoe for maximum performance The Diadora B.Icon 3 clay court shoe men was developed for tennis players who need maximum stability, cushioning and traction on clay courts. The specially adapted clay court outsole offers optimal grip and enables quick changes of direction on the court. Thanks to DD Anima cushioning technology, the shoe provides excellent energy return and springy comfort with every step. The durable and breathable upper keeps your feet cool, while reinforced heel and toe areas provide additional protection and support. Your advantages at a glance: Clay court outsole - for optimal support and stability on clay courts DD Anima cushioning - for responsive comfort and reduced stress Breathable, durable upper material - for long-lasting comfort With the Diadora B.Icon 3 clay court shoe men you are well equipped to take your game on clay courts to the next level!",144.95 €,755,165.00 €,"41, 42, 42,5, 43, 44, 44,5, 45, 45,5, 46, 47, 47,5, 48, 49",https://www.tennis-point.de/products/diadora-bicon-3-sandplatzschuh-herren-tuerkis-weiss-a0000003981401
Mizuno,Wave Exceed Tour 7,"blue, white","Experience new highlights on the court with the Wave Exceed Tour 7 The Wave Exceed Tour 7 from Mizuno takes your tennis games to the next level. Featuring a high-quality synthetic upper and a flexible rubber outsole, this shoe offers outstanding stability and slip resistance on clay courts. The breathable textile inner material and the EVA insole guarantee optimal comfort and effective cushioning with every step. With its dynamic design, the Wave Exceed Tour 7 is not only functional, but also stylish. Highlights: Optimum stability: Synthetic and rubber materials ensure a secure hold. High wearing comfort: Breathable textile and EVA insole provide first-class cushioning. Stylish design: Modern and functional for the best look while doing sports. Let the quality and performance of the Wave Exceed Tour 7 convince you!",99.95 €,545,150.00 €,"39, 40, 40,5, 41, 42, 42,5, 43, 44, 44,5, 45, 46, 47",https://www.tennis-point.de/products/mizuno-wave-exceed-tour-7-sandplatzschuh-herren-blau-weiss-07217601228000
ASICS,Solution Swift FF 2,"white, pink","Perfect for your game on clay The ASICS Solution Swift FF 2 Clay is not just a shoe, but an indispensable tool for every tennis lover. Designed to provide optimal performance on sandy surfaces, it features a special herringbone rubber compound that ensures an ideal combination of traction and glide. These features allow you to move effortlessly across the court while maintaining control of your movements. Aside from its technical sophistication, the Solution Swift FF 2 Clay also features a breathable upper, meaning the foot stays cool and dry, even during intense play under the scorching sun. With this shoe on your feet, you can push your limits and unleash your full potential on the clay court. The highlights of the ASICS Solution Swift FF 2 Clay High comfort Upper material Inner material Sole Herringbone pattern for grip",75.95 €,350,120.00 €,"40, 40,5, 41,5, 42, 42,5, 43,5, 44, 44,5, 45, 46, 46,5, 47, 48, 49, 50,5",https://www.tennis-point.de/products/asics-solution-swift-ff-2-sandplatzschuh-herren-weiss-pink-a0000002390301
Fila,Sabbia Pro,"white, red","Professional performance on clay The Fila Sabbia Pro clay court shoe was specially developed for performance-oriented players who expect stability, dynamics and comfort at the highest level on the clay court. With its special clay court outsole, it offers optimal grip for controlled slides and explosive accelerations - exactly what you need for your best game on clay. The durable upper material with breathable inserts ensures a pleasant foot climate, even during long matches. At the same time, the cushioning midsole guarantees effective shock absorption and a responsive running feeling - ideal for quick changes of direction and intensive rallies. Highlights: Clay court profile: Optimal traction and controlled sliding on ash Breathable upper material: For comfort and ventilation under high loads Efficient cushioning: Protects joints and supports dynamic play Reinforced zones: More support and stability during fast movements With the Fila Sabbia Pro clay court shoe you are ready for precise, powerful performances on the red sand - comfortable, controlled and full of joy.",102.95 €,560,140.00 €,"40, 41, 42, 43, 44, 45, 46, 47",https://www.tennis-point.de/products/fila-sabbia-pro-sandplatzschuh-herren-weissrot-00317501271000
HEAD,Endure Pro,"dark blue, dark blue","Maximum performance on the clay court. Discover the perfect symbiosis of comfort and performance with the Endure Pro Clay from HEAD. These specially designed men's tennis shoes are designed for the serious clay court player. With an upper made of high-quality synthetic and breathable mesh, the Endure Pro Clay ensures optimal ventilation and comfortable wearing, even during heated matches. The innovative rubber outsole guarantees maximum grip and stability on the court, meaning you stay in control at all times. Complemented by a synthetic and TPU insole, you will experience an unparalleled combination of flexibility and support. Highlights: High-performance material: Developed with synthetics and mesh for breathable comfort Special sole: Rubber outsole for optimal grip on clay courts Innovative insole: Combination of synthetics and TPU supports flexibility and foot strength Your playing partner for winners - the Endure Pro Clay from HEAD offers the ideal support for your tennis game on clay.",125.95 €,665,180.00 €,"40, 40,5, 41, 42, 42,5, 43, 44, 44,5, 45, 46, 46,5, 47, 48, 48,5",https://www.tennis-point.de/products/head-endure-pro-sandplatzschuh-herren-dunkelblau-dunkelblau-p0000004230501
adidas,adizero Ubersonic 5,"orange, silver","Experience agility and comfort on the clay court! With the adizero Ubersonic 5 Clay from adidas you are unbeatable on clay courts. The light material mix of textile and synthetic ensures breathability and comfort, while the clay court sole offers optimal grip. Ideal for players who value speed and flexibility on the pitch. Highlights: Lightweight and breathable design for long-lasting comfort. Specially developed sole for clay court performance. Ideal for dynamic players who want to dominate their opponents.",94.95 €,525,150.00 €,"40, 40 2/3, 41 1/3, 42, 42 2/3, 43 1/3, 44, 44 2/3, 45 1/3, 46, 46 2/3, 47 1/3, 48, 48 2/3, 50",https://www.tennis-point.de/products/adidas-adizero-ubersonic-5-sandplatzschuh-herren-orange-silber-00517606860000
Lotto,Raptor 300 CLY,"white, orange","Maximum performance with the Raptor 300 CLY Discover the perfect combination of comfort and stability with the Raptor 300 CLY tennis shoes from Lotto. These shoes, specially developed for clay courts, offer excellent grip on the court thanks to their high-quality synthetic upper material and robust rubber sole. The textile inner lining guarantees a pleasant foot climate during intensive match phases. Optimized with an EVA insole, you'll experience excellent cushioning and energy efficiency with every step. The Raptor 300 CLY is your ideal partner for demanding tennis games and increases your performance through technical sophistication and thoughtful design. Highlights: Optimal traction: Robust rubber sole for maximum grip on clay courts Ergonomic fit: Textile lining and EVA insole ensure comfort and support Durable upper material: High-quality synthetic ensures durability and breathability Increase your enjoyment and performance with the Raptor 300 CLY - design and technology that takes you further.",107.95 €,585,120.00 €,"40, 40,5, 41, 42, 42,5, 43, 43,5, 44, 45, 45,5, 46, 47",https://www.tennis-point.de/products/lotto-raptor-300-cly-sandplatzschuh-herren-weiss-orange-p0000004201101
Lotto,Mirage 200 II PRT SPD,"dark blue, white","Perfection on the clay court Take your tennis game to a new level with the MIRAGE 200 II PRT CLY from Lotto. Designed specifically for clay courts, this tennis shoe offers an unbeatable combination of comfort and stability. The upper material made of high-quality synthetic and textile ensures a perfect fit and long-lasting durability. The innovative EVA cover sole guarantees efficient cushioning with every step, while the profiled rubber outsole offers optimal grip on the clay court. Don't let bad weather or slippery surfaces stop you - with the MIRAGE 200 II PRT CLY you're ready for any match. The sporty silhouette and modern design give you an unbeatable appearance on the tennis court. Highlights: Comfortable fit: thanks to the high-quality synthetic and textile material. Efficient cushioning: EVA insole for optimal support and shock absorption. Fantastic grip: Special rubber outsole for maximum grip on clay courts. Treat yourself to the MIRAGE 200 II PRT CLY and dominate the clay court like never before.",79.95 €,365,129.99 €,"39, 40, 40,5, 41, 42, 42,5, 43, 43,5, 44, 45, 45,5, 46, 47",https://www.tennis-point.de/products/lotto-mirage-200-ii-prt-spd-sandplatzschuh-herren-dunkelblau-weiss-02417501778000
Lotto,Raptor 300 CLY,"turquoise, white","Maximum performance with the Raptor 300 CLY Discover the perfect combination of comfort and stability with the Raptor 300 CLY tennis shoes from Lotto. These shoes, specially developed for clay courts, offer excellent grip on the court thanks to their high-quality synthetic upper material and robust rubber sole. The textile inner lining guarantees a pleasant foot climate during intensive match phases. Optimized with an EVA insole, you'll experience excellent cushioning and energy efficiency with every step. The Raptor 300 CLY is your ideal partner for demanding tennis games and increases your performance through technical sophistication and thoughtful design. Highlights: Optimal traction: Robust rubber sole for maximum grip on clay courts Ergonomic fit: Textile lining and EVA insole ensure comfort and support Durable upper material: High-quality synthetic ensures durability and breathability Increase your enjoyment and performance with the Raptor 300 CLY - design and technology that takes you further.",107.95 €,585,120.00 €,"40, 40,5, 41, 42, 42,5, 43, 43,5, 44, 45, 45,5, 46, 47",https://www.tennis-point.de/products/lotto-raptor-300-cly-sandplatzschuh-herren-tuerkis-weiss-p0000004201102
ASICS,Gel-Resolution X,"white, pink","Ultimate grip on the clay court with the GEL-RESOLUTION X Reach your full potential on the court with the GEL-RESOLUTION X from ASICS. As a specially developed clay court shoe, it offers you the perfect combination of stability and flexibility. The upper material made of polyurethane and synthetic material ensures excellent support and durability, while the breathable textile interior ensures a comfortable foot climate. The EVA insole ensures optimal cushioning and comfort. The sturdy rubber outsole also provides excellent traction on sandy surfaces, so you can perform at your best in every match on the clay court. Highlights: Stability and flexibility - Perfect mix for an unshakable hold on the clay court Breathable comfort - Textile inner material for a finely tuned foot climate Excellent traction - Rubber outsole for maximum grip during rapid movements Discover the GEL-RESOLUTION X tennis shoes now and dominate the game on the clay court.",115.95 €,620,160.00 €,"40, 40,5, 41,5, 42, 42,5, 43,5, 44, 44,5, 45, 46, 46,5, 47, 48, 49, 50,5",https://www.tennis-point.de/products/asics-gel-resolution-x-sandplatzschuh-herren-weiss-pink-p0000001280304
K-Swiss,Express Light 3 x Quiet Please,"white, green","Anniversary edition with style and performance The K-Swiss Express Light 3 - 25 years TP X K-Swiss Special Edition clay court shoe celebrates a quarter of a century of passion for tennis with an exclusive design and proven functionality. Specially developed for clay courts, it offers optimal traction and stability for dynamic matches on red surfaces. The breathable mesh upper with reinforced overlays ensures a lightweight feel and high durability. The special clay court outsole guarantees perfect grip and enables quick changes of direction without slipping. The reactive cushioning in the midsole protects joints and ensures long-lasting comfort - ideal for intensive game days. Highlights at a glance Exclusive Special Edition: Celebrating 25 years of collaboration between Tennis-Point and K-Swiss Clay court outsole: Maximum traction and stability on red surfaces Lightweight, breathable upper material: Pleasant comfort and high durability With the K-Swiss Express Light 3 - 25 years of TP stylish, functional and unique.",119.95 €,640,119.99 €,"41, 41,5, 42, 42,5, 43, 44, 44,5, 45, 46, 47, 49",https://www.tennis-point.de/products/k-swiss-express-light-3-x-quiet-please-sandplatzschuh-herren-weiss-gruen-a0000004910301
Wilson,Rush Lite 5,"blue, white","Maximum performance on the clay court with the Rush Lite 5 Clay Perfect your tennis game with the Rush Lite 5 Clay from Wilson, the tennis shoe designed specifically for clay courts. Thanks to the high-quality textile and synthetic upper, this shoe combines comfort and durability. The special rubber outsole ensures optimal grip on sand, allowing for quick changes of direction and improved stability. The breathable textile lining keeps your feet cool and dry even during heated matches. With its innovative and targeted support, the Rush Lite 5 Clay delivers the performance you need to dominate on the court. Highlights: Special construction for clay courts: Optimum grip and stability thanks to special rubber outsole. Premium Materials: Combination of textile and synthetic for comfort and durability. Breathability: The textile lining ensures coolness and dryness during play. Experience the professional equipment you need to play your best tennis game.",114.95 €,615,130.00 €,"40, 40 2/3, 41 1/3, 42, 42 2/3, 43 1/3, 44, 44 2/3, 45 1/3, 46, 46 2/3, 47 1/3, 48, 49 1/3",https://www.tennis-point.de/products/wilson-rush-lite-5-sandplatzschuh-herren-blau-weiss-p0000004120302
Wilson,Rush Pro 5,"blue, white","Perfect your tennis game with the Rush Pro 5 Clay Reach new heights on the clay court with the RUSH PRO 5 CLAY from Wilson. This advanced tennis shoe was designed specifically for ambitious players who value speed and precision. The textile and synthetic upper offers an optimal balance between comfort and long-lasting support, while the specially developed rubber outsole provides the necessary traction and stability on clay courts. With its thoughtful construction and adaptable fit, the Rush Pro 5 Clay lets every player play their best tennis. Highlights: Upper material mix: textile and synthetic for durability and breathable comfort Optimized rubber outsole: Offers excellent traction and stability on clay courts Comfort and fit: Ideal for intensive matches thanks to high-quality inner material and well-thought-out cut With the Rush Pro 5 Clay you are always ahead on the court!",144.95 €,755,160.00 €,"40, 40 2/3, 41 1/3, 42, 42 2/3, 43 1/3, 44, 44 2/3, 45 1/3, 46, 46 2/3, 47 1/3, 48, 49 1/3",https://www.tennis-point.de/products/wilson-rush-pro-5-sandplatzschuh-herren-blau-weiss-p0000004120702
K-Swiss,HYPERCOURT EXPRESS 3 Clay,"blue, black","Maximum performance on the court with the HYPERCOURT EXPRESS 3 Clay. Rediscover the world of tennis with the HYPERCOURT EXPRESS 3 Clay from K-Swiss. Designed specifically for clay courts, this tennis shoe combines cutting-edge technology with exceptional comfort. The breathable mesh upper, together with the synthetic reinforcements, ensures an optimal balance of flexibility and support. Thanks to the robust rubber outsole, the shoe offers excellent traction, while the EVA insole cushions every step, making even long-lasting matches a pleasure. Highlights: Breathable Upper: Mesh and synthetic reinforcements keep your feet cool and dry. Optimized traction: The rubber outsole guarantees excellent grip on clay courts. Comfort with every step: The EVA insole provides effective cushioning and improves your performance. Leave your opponents behind with the HYPERCOURT EXPRESS 3 Clay, the synthesis of innovation and style.",112.95 €,605,149.99 €,"41, 41,5, 42, 42,5, 43, 44, 44,5, 45, 46, 47, 49",https://www.tennis-point.de/products/k-swiss-hypercourt-express-3-clay-sandplatzschuh-herren-blau-schwarz-p0000004300803
Joma,Electric,gray,"Discover the power with the ELECTRIC CLAY tennis shoe. Experience the game of tennis in a new dimension with the ELECTRIC CLAY from Joma, your perfect clay court shoe. The combination of high-quality textile and synthetic upper material ensures optimal comfort and durability. The rubber outsole offers you excellent grip on clay courts and supports explosive movements with every shot. With an EVA insole and a breathable textile inner material, you can enjoy maximum comfort even during long matches. This shoe is specifically designed for men who want to perform on the tennis court and look good doing it. Highlights: Optimum traction: The rubber profile sole offers excellent grip on sand Comfortable fit: EVA cover sole for feather-light comfort Longevity: Robust textile and synthetic upper material With the ELECTRIC CLAY tennis shoe you are well equipped for every match.",118.95 €,635,132.00 €,"41, 42, 42,5, 43, 43,5, 44, 44,5, 45, 46, 47",https://www.tennis-point.de/products/joma-electric-sandplatzschuh-herren-grau-15017100231000
ASICS,Solution Speed FF 4,"black, turquoise","Experience speed on the clay court The SOLUTION SPEED FF 4 from ASICS is your perfect companion if you want to dictate the pace on the tennis court. This clay court shoe offers you an unbeatable combination of speed and comfort. The high-quality polyurethane and synthetic upper ensures an ideal fit and durability. Thanks to the innovative rubber outsole, you enjoy optimal grip on the court, while the EVA insole ensures maximum comfort. The textile inner material gives a pleasantly breathable feeling. With the SOLUTION SPEED FF 4 you feel light on your feet and ready to win every rally. Highlights: Top Speed ​​Performance – Experience dynamic freedom of movement like never before. Maximum comfort - The EVA insole provides soft and comfortable support. Grip without compromise - rubber sole ensures perfect grip on clay courts. Get ready to set new standards on the tennis court with the SOLUTION SPEED FF 4.",139.95 €,730,160.00 €,"40,5, 41,5, 42, 42,5, 43,5, 44, 44,5, 45, 46, 46,5, 47, 48, 49, 50,5",https://www.tennis-point.de/products/asics-solution-speed-ff-4-sandplatzschuh-herren-schwarz-tuerkis-p0000001261103
ASICS,Gel-Dedicate 8,"black, gray","Feel and performance in one shoe The GEL-DEDICATE 8 tennis shoe offers good stability and a flexible feel to center the mind during play. The upper of this shoe features synthetic leather overlays that improve support. They keep your feet firmly enclosed even when changing direction and during demanding races. A TRUSSTIC support unit and wrap-up outsole improve stability while giving your feet freedom of movement. This allows you to change direction with confidence, especially when moving from side to side. The highlights of the Gel Dedicate 8 from Asics Durable synthetic leather toe overlays The spun-dyed insole reduces total water consumption by approximately 33% and carbon emissions by approximately 45%. TRUSSTIC technology and wrap-up outsole Improved stability GEL technology Cushioning Excellent shock absorption",61.95 €,290,75.00 €,"40, 40,5, 41,5, 42, 42,5, 43,5, 44, 44,5, 45, 46, 46,5, 47, 48, 49",https://www.tennis-point.de/products/asics-gel-dedicate-8-sandplatzschuh-herren-schwarz-grau-a0000002380501
K-Swiss,Express Light 3,"white, light blue","Power and comfort in one shoe The Express Light 3 from K-Swiss is a lightweight tennis shoe designed for on-court performance and a high level of comfort. This updated model of its successful predecessor features DuraWrap Flex, a redesigned, molded RPU construction that provides flexible support and draft protection. Inside, a well-padded collar provides comfort and stability, while a die-cut foam insole provides responsive cushioning underfoot. The Express Light 3 has an HB outsole with a deep herringbone tread pattern for excellent traction on clay courts. The highlights of the K-Swiss Express Light 3 Upper made of synthetic leather Textile lining on the shaft edge Molded rubber outsole CMEVA midsole Ortholite insole Lacing",89.95 €,405,119.99 €,"41, 41,5, 42, 42,5, 43, 44, 44,5, 45, 46, 47, 49",https://www.tennis-point.de/products/k-swiss-express-light-3-sandplatzschuh-herren-grau-khaki-a0000004310402
K-Swiss,EXPRESS LIGHT 3 Clay,"black, blue","Power and comfort in one shoe The Express Light 3 from K-Swiss is a lightweight tennis shoe designed for on-court performance and a high level of comfort. This updated model of its successful predecessor features DuraWrap Flex, a redesigned, molded RPU construction that provides flexible support and draft protection. Inside, a well-padded collar provides comfort and stability, while a die-cut foam insole provides responsive cushioning underfoot. The Express Light 3 has an HB outsole with a deep herringbone tread pattern for excellent traction on clay courts. The highlights of the K-Swiss Express Light 3 Upper made of synthetic leather Textile lining on the shaft edge Molded rubber outsole CMEVA midsole Ortholite insole Lacing",83.95 €,380,119.99 €,"41, 41,5, 42, 42,5, 43, 44, 44,5, 45, 46, 47, 49",https://www.tennis-point.de/products/k-swiss-express-light-3-clay-sandplatzschuh-herren-schwarz-blau-a0000004310401
Diadora,S.Challenge 7,"white, dark blue","Perfect support on the court with the S.Challenge 7 SL Clay The S.Challenge 7 SL Clay from Diadora is the ideal choice for all tennis enthusiasts who value quality and performance. Designed specifically for clay courts, this tennis shoe combines durable synthetic uppers with a flexible and durable rubber sole to ensure maximum stability and slip resistance during intense matches. The innovative construction not only ensures an excellent fit, but also promotes optimal freedom of movement so that every player can play their best tennis. Highlights: Optimized upper material: durable synthetic for the highest demands. Specialized outsole: rubber sole for excellent grip on clay courts. Design for freedom of movement: Supports dynamic movements and improves performance. Discover the difference that quality makes – with the S.Challenge 7 SL Clay.",54.95 €,285,70.00 €,"41, 42, 42,5, 43, 44, 44,5, 45, 45,5, 46, 47, 47,5, 48, 49",https://www.tennis-point.de/products/diadora-schallenge-7-sandplatzschuh-herren-weiss-dunkelblau-p0000003980201
adidas,Barricade 14,black-and-white,"Ready to Control the Court The Barricade 14 tennis shoe is made for players who aren't afraid to dictate the game. Building on legendary successes, this model has been redesigned to combine stability, comfort and durability in a lighter and more dynamic design. The custom-woven mesh upper provides ventilation, stretch and a secure fit. The Lighttraxion outsole reduces weight without compromising grip on hard courts. adidas Repetitor delivers consistent energy return and stability, while the padded collar and tongue provide comfort. The Adituff abrasion zone improves slip control. Your highlights Stability and control Ideal for quick changes of direction. Lightweight, comfortable to wear even during intense matches. Long-lasting performance Constant energy return. Feel the difference and take your game to the next level.",108.95 €,590,160.00 €,"40, 40 2/3, 41 1/3, 42, 42 2/3, 43 1/3, 44, 44 2/3, 45 1/3, 46, 46 2/3, 47 1/3, 48, 48 2/3, 50",https://www.tennis-point.de/products/adidas-barricade-14-sandplatzschuh-herren-schwarz-weiss-00517606840000
Lacoste,AG-LT Ultra Clay Court,"rust, blue","Perfection on the court with the AG-LT Ultra Clay Court Experience unsurpassed performance and style with the AG-LT Ultra Clay Court from Lacoste. These tennis shoes, specially designed for clay courts, offer both maximum comfort and long-lasting quality thanks to their high-quality polyester and textile. The combination of robust rubber outsole and soft EVA insole ensures optimal cushioning and improved traction to achieve the best results on every court. Highlights: Innovative materials: High-quality polyester and textile guarantee durability and comfort. Special sole construction: Robust rubber outsole with EVA insole for optimal performance on clay courts. Stylish design: Classic Lacoste elegance combined with modern functionality makes this shoe an eye-catcher on every tennis court. Set a new standard on the tennis court with the AG-LT Ultra Clay Court from Lacoste!",127.95 €,675,150.00 €,"40, 40,5, 41, 42, 42,5, 43, 44, 44,5, 45, 46, 46,5, 47",https://www.tennis-point.de/products/lacoste-ag-lt-ultra-clay-court-sandplatzschuh-herren-rost-blau-p0000004140501
Wilson,Rush Tour 5,"white, turquoise","Discover your new strength on the court with the RUSH TOUR 5 CLAY Are you looking for a tennis shoe that gives you optimal support on clay courts? The RUSH TOUR 5 CLAY from Wilson is exactly what ambitious tennis players need. This shoe combines premium design with top performance in every game. Thanks to the high-quality textile upper, this shoe offers a perfect balance between comfort and stability, while the special rubber outsole provides excellent grip and facilitates quick, dynamic turns. Whether it's training or a tournament, with the RUSH TOUR 5 CLAY you can take your game to the next level! Highlights: Optimal Fit: Tailored textile upper that provides flexibility and support. Premium traction: Specially developed rubber outsole for maximum traction on clay courts. Longevity and comfort: High-quality materials guarantee durability and comfort during every game. Let the RUSH TOUR 5 CLAY become your indispensable companion on the tennis court and experience how it changes your game.",179.95 €,915,200.00 €,"40, 40 2/3, 41 1/3, 42, 42 2/3, 43 1/3, 44, 44 2/3, 45 1/3, 46, 46 2/3, 47 1/3, 48, 49 1/3",https://www.tennis-point.de/products/wilson-rush-tour-5-sandplatzschuh-herren-weiss-tuerkis-p0000004120801
K-Swiss,Court Express 2,black-and-white,"Dynamic shoe for top performance on clay The K-Swiss Court Express 2 clay court shoe for men is the ideal choice for ambitious tennis players who want to give their best on clay courts. With its well-thought-out construction, it offers stability, comfort and optimal traction to take your game to the next level. The durable sole ensures excellent grip on sand, while the breathable upper material guarantees a pleasant foot climate. The combination of white and dark blue gives the shoe a modern, sporty look. Thanks to the light but robust construction, you can fully concentrate on your game. Highlights at a glance: Special clay court sole: Perfect grip for maximum control and mobility. Breathable design: Keeps your feet fresh even during intense matches. Comfortable fit: Optimal fit for long periods of wear without pressure points. The K-Swiss Court Express 2 clay court shoe is the perfect partner for your game - powerful, comfortable and always stylish!",49.95 €,260,79.99 €,"39,5, 40, 41, 41,5, 42, 42,5, 43, 44, 44,5, 45, 46, 47",https://www.tennis-point.de/products/k-swiss-court-express-2-sandplatzschuh-herren-schwarzweiss-01417102472000
adidas,Defiant Speed 2,"black, gray","Lightness and control for your game on clay The adidas Defiant Speed ​​2 clay court shoe impresses with a lightweight, responsive design that is specially developed for fast movements on clay courts. Whether sprinting to the baseline or making explosive changes of direction, this shoe offers you reliable grip and a direct feel so you can develop your full potential on the court. The breathable upper material conforms comfortably to your foot and provides a light, supportive feel. The midsole with comfortable cushioning reduces the strain during intensive movements and at the same time offers you the energy you need for your game. The profiled outsole is designed for optimal traction and stability on sand. Your advantages at a glance: Lightweight, breathable upper material for high wearing comfort Cushioning midsole for reactive movements and impact protection Special clay court outsole for reliable grip and stability With the adidas Defiant Speed ​​2 clay court shoe you play fast, controlled and safe - ideal for your next match on clay.",78.95 €,360,120.00 €,"40, 40 2/3, 41 1/3, 42, 42 2/3, 43 1/3, 44, 44 2/3, 45 1/3, 46, 46 2/3, 47 1/3, 48, 48 2/3, 49 1/3, 50, 51 1/3",https://www.tennis-point.de/products/adidas-defiant-speed-2-sandplatzschuh-herren-schwarz-grau-00516806182000
Wilson,Rush Tour 5,"white, black","Discover your new strength on the court with the RUSH TOUR 5 CLAY Are you looking for a tennis shoe that gives you optimal support on clay courts? The RUSH TOUR 5 CLAY from Wilson is exactly what ambitious tennis players need. This shoe combines premium design with top performance in every game. Thanks to the high-quality textile upper, this shoe offers a perfect balance between comfort and stability, while the special rubber outsole provides excellent grip and facilitates quick, dynamic turns. Whether it's training or a tournament, with the RUSH TOUR 5 CLAY you can take your game to the next level! Highlights: Optimal Fit: Tailored textile upper that provides flexibility and support. Premium traction: Specially developed rubber outsole for maximum traction on clay courts. Longevity and comfort: High-quality materials guarantee durability and comfort during every game. Let the RUSH TOUR 5 CLAY become your indispensable companion on the tennis court and experience how it changes your game.",179.95 €,915,200.00 €,"40, 40 2/3, 41 1/3, 42, 42 2/3, 43 1/3, 44, 44 2/3, 45 1/3, 46, 46 2/3, 47 1/3, 48, 49 1/3",https://www.tennis-point.de/products/wilson-rush-tour-5-sandplatzschuh-herren-weiss-schwarz-p0000004120802
Lacoste,AG-LT Lite Clay Court,"light blue, rust","Experience lightness and comfort on the tennis court The Lacoste AG-LT Lite Clay Court combines modern design with functional aspects to offer tennis enthusiasts the optimal footwear for clay courts. Whether for intensive training or exciting matches, this shoe combines innovative technologies with high-quality materials. The breathable polyester and textile upper provides comfortable ventilation, while the robust rubber outsole ensures excellent grip and stability on the court. The soft EVA insole optimizes comfort and supports your feet with every step. Highlights: Breathability: Materials such as polyester and textile promote air exchange and keep feet fresh. Optimal cushioning: The EVA insole offers excellent walking comfort and effective shock absorption. Maximum stability: The rubber outsole guarantees secure grip and durability on clay courts. Choose the Lacoste AG-LT Lite Clay Court for your games and feel the difference with every step!",143.95 €,750,160.00 €,"40, 40,5, 41, 42, 42,5, 43, 44, 44,5, 45, 46, 46,5, 47",https://www.tennis-point.de/products/lacoste-ag-lt-lite-clay-court-sandplatzschuh-herren-hellblau-rost-p0000004141301
Lotto,MIRAGE 200 II CLY,"white, black","Maximize your game with the Lotto Mirage tennis shoes Experience the perfect combination of style and functionality with the Mirage 200 II CLY tennis shoes from Lotto. These clay court shoes are specially designed for demanding tennis players who rely on precision and comfort. The first-class upper material made of synthetic and mesh ensures excellent ventilation and adapts ideally to your foot. The EVA insole and the textile inner material offer optimal support and comfort, even during long games. The robust rubber outsole ensures excellent traction on the clay court. With the Mirage tennis shoes you are always one step ahead. Highlights: Optimum ventilation - thanks to high-quality synthetic and mesh upper material Comfortable grip - EVA cover sole and textile inner material for maximum comfort Perfect clay court traction - Robust rubber outsole for a secure grip With the Lotto Mirage 200 II tennis shoes you will dominate every game and feel unbeatable.",84.95 €,385,129.99 €,"39, 40, 40,5, 41, 42, 42,5, 43, 43,5, 44, 45, 45,5, 46, 47",https://www.tennis-point.de/products/lotto-mirage-200-ii-cly-sandplatzschuh-herren-weiss-schwarz-02417501774000
Nike,Court Lite 4,black-and-white,"Perfect for your game on clay The Nike Court Lite 4 CLY is not just a shoe, but an essential tool for every tennis lover. Designed to provide optimal performance on sandy surfaces, it features a special herringbone rubber compound that ensures an ideal combination of traction and glide. These features allow you to move effortlessly across the court while maintaining control of your movements. Aside from its technical sophistication, the Court Lite 4 CLY also features a breathable mesh upper, meaning the foot stays cool and dry, even during intense play under the scorching sun. With this shoe on your feet, you can push your limits and unleash your full potential on the clay court. The highlights of the Nike Court Lite 4 CLY High comfort mesh upper textile inner material rubber sole herringbone pattern for grip",52.95 €,275,75.00 €,"40, 40,5, 41, 42, 42,5, 43, 44, 44,5, 45, 45,5, 46, 47, 47,5, 48,5, 49,5",https://www.tennis-point.de/products/nike-court-lite-4-sandplatzschuh-herren-schwarzweiss-00416617554000
Yonex,Sonicage Cly,"white, turquoise","Achieve new best performances with the Sonicage Cly The Sonicage Cly clay court shoe from Yonex has been specially developed for the demanding conditions on clay courts. With its robust rubber outsole, it offers excellent traction and enables quick, jerky movements, while the innovative EVA insole ensures optimal comfort and shock absorption. The upper material made from a combination of synthetic and textile guarantees breathability and durability. Whether training or tournament, the Sonicage Cly is your ideal companion on the court. Highlights: Optimized traction: Specially developed rubber outsole for outstanding mobility on clay courts. First-class comfort: Innovative EVA insole cushions every step and protects the joints. Durable materials: combination of high-quality synthetic and textile in the upper material. Unlock your full potential on the court with the Sonicage Cly.",125.95 €,665,140.00 €,"40, 40,5, 41, 42, 43, 44, 44,5, 45, 45,5, 46, 46,5, 47, 48",https://www.tennis-point.de/products/yonex-sonicage-cly-sandplatzschuh-herren-weiss-tuerkis-p0000003490301
Lotto,Mirage 200 II PRT SPD,black-and-white,"Perfection on the clay court Take your tennis game to a new level with the MIRAGE 200 II PRT CLY from Lotto. Designed specifically for clay courts, this tennis shoe offers an unbeatable combination of comfort and stability. The upper material made of high-quality synthetic and textile ensures a perfect fit and long-lasting durability. The innovative EVA cover sole guarantees efficient cushioning with every step, while the profiled rubber outsole offers optimal grip on the clay court. Don't let bad weather or slippery surfaces stop you - with the MIRAGE 200 II PRT CLY you're ready for any match. The sporty silhouette and modern design give you an unbeatable appearance on the tennis court. Highlights: Comfortable fit: thanks to the high-quality synthetic and textile material. Efficient cushioning: EVA insole for optimal support and shock absorption. Fantastic grip: Special rubber outsole for maximum grip on clay courts. Treat yourself to the MIRAGE 200 II PRT CLY and dominate the clay court like never before.",79.95 €,365,129.99 €,"39, 40, 40,5, 41, 42, 42,5, 43, 43,5, 44, 45, 45,5, 46, 47",https://www.tennis-point.de/products/lotto-mirage-200-ii-prt-spd-sandplatzschuh-herren-schwarz-weiss-02417501779000
ASICS,Gel-Resolution X,"black, turquoise","Ultimate grip on the clay court with the GEL-RESOLUTION X Reach your full potential on the court with the GEL-RESOLUTION X from ASICS. As a specially developed clay court shoe, it offers you the perfect combination of stability and flexibility. The upper material made of polyurethane and synthetic material ensures excellent support and durability, while the breathable textile interior ensures a comfortable foot climate. The EVA insole ensures optimal cushioning and comfort. The sturdy rubber outsole also provides excellent traction on sandy surfaces, so you can perform at your best in every match on the clay court. Highlights: Stability and flexibility - Perfect mix for an unshakable hold on the clay court Breathable comfort - Textile inner material for a finely tuned foot climate Excellent traction - Rubber outsole for maximum grip during rapid movements Discover the GEL-RESOLUTION X tennis shoes now and dominate the game on the clay court.",114.95 €,615,160.00 €,"40,5, 41,5, 42, 42,5, 43,5, 44, 44,5, 45, 46, 46,5, 47, 48, 49, 50,5",https://www.tennis-point.de/products/asics-gel-resolution-x-sandplatzschuh-herren-schwarz-tuerkis-p0000001280301
K-Swiss,K-FRAME SPEED RUBLO Clay,"beige, dark blue","Make the sand your playing field You play with passion and precision - so you need a shoe that can keep up. Designed specifically for playing on red clay, this clay court shoe gives you the perfect mix of control, grip and comfort. The abrasion-resistant sole ensures optimal grip when gliding and stopping, while the breathable upper material keeps your foot pleasantly cool. The stable construction offers you security every time you change direction - for a game without compromises. Whether at a tournament or in training - this shoe makes the difference when it counts. Rely on your appearance. Rely on your equipment. Why this shoe takes you further Perfect traction - designed specifically for clay courts so you can reach every ball Stabilizing hold - for quick changes of direction without loss of control Breathable materials - so your foot stays fresh even during long matches",126.95 €,670,179.99 €,"41, 41,5, 42, 42,5, 43, 44, 44,5, 45, 46, 47, 49",https://www.tennis-point.de/products/k-swiss-k-frame-speed-rublo-clay-sandplatzschuh-herren-beige-dunkelblau-a0000004311101
Nike,Zoom GP Challenge 1,black-and-white,"Speed ​​that dominates the sand Do you want to dictate the game on the clay court? Then you need a shoe that keeps up with your pace and gives you the control you need. The Zoom GP Challenge 1 was specially developed for quick changes of direction, explosive starts and maximum precision on sand. Thanks to Zoom Air technology, you experience noticeable responsiveness with every step - ideal for aggressive baseline players. The breathable upper material keeps your foot secure in the shoe, while the specially structured outsole ensures optimal grip on sand. Whether you prepare the point with a backhand slice or finish with a stop ball - this shoe gives you the freedom to vary your game while remaining stable. With comfort that goes beyond the first three sentences. Highlights at a glance Zoom Air cushioning - for responsive acceleration with every step Clay court outsole - guarantees optimal traction on clay and for slides Supportive upper material - ensures a secure grip during quick changes of direction",94.95 €,525,149.99 €,"38,5, 39, 40, 40,5, 41, 42, 42,5, 43, 44, 44,5, 45, 45,5, 46, 47, 47,5, 48,5, 49,5",https://www.tennis-point.de/products/nike-zoom-gp-challenge-1-sandplatzschuh-herren-schwarzweiss-00416617548000
Nike,Zoom Vapor Pro 3,black-and-white,"Speed ​​and stability - the ideal clay court shoe for demanding players. The clay court shoe for men was developed to offer maximum performance on clay courts. With its modern design and innovative technologies, it supports dynamic movements and ensures optimal comfort so that you have the upper hand in every rally. The lightweight construction with a responsive midsole ensures excellent cushioning and energy return. The specially profiled clay court outsole offers excellent grip and stability, even when changing direction quickly. The breathable mesh upper ensures a pleasant foot climate and prevents overheating, even during intense matches. Thanks to its elegant design and sophisticated functionality, this shoe is the perfect companion for players who want to combine speed, precision and comfort. Highlights: Responsive midsole for optimal cushioning and dynamics Special clay court outsole for maximum grip and stability Breathable mesh upper for long-lasting comfort and ventilation With this clay court shoe you can take your game to a new level - for confident performance in every match!",102.95 €,560,130.00 €,"38,5, 39, 40, 40,5, 41, 42, 42,5, 43, 44, 44,5, 45, 45,5, 46, 47, 47,5, 48,5, 49,5",https://www.tennis-point.de/products/nike-zoom-vapor-pro-3-sandplatzschuh-herren-schwarz-weiss-00417517838000
ASICS,Gel-Dedicate 8,"petrol, turquoise","Feel and performance in one shoe The GEL-DEDICATE 8 tennis shoe offers good stability and a flexible feel to center the mind during play. The upper of this shoe features synthetic leather overlays that improve support. They keep your feet firmly enclosed even when changing direction and during demanding races. A TRUSSTIC support unit and wrap-up outsole improve stability while giving your feet freedom of movement. This allows you to change direction with confidence, especially when moving from side to side. The highlights of the Gel Dedicate 8 from Asics Durable synthetic leather toe overlays The spun-dyed insole reduces total water consumption by approximately 33% and carbon emissions by approximately 45%. TRUSSTIC technology and wrap-up outsole Improved stability GEL technology Cushioning Excellent shock absorption",61.95 €,290,75.00 €,"40, 40,5, 41,5, 42, 42,5, 43,5, 44, 44,5, 45, 46, 46,5, 47, 48, 49",https://www.tennis-point.de/products/asics-gel-dedicate-8-sandplatzschuh-herren-petrol-tuerkis-a0000002380502
Fila,Axilus FX CLY,"white, red","Maximum performance on the clay court The Axilus FX CLY clay court shoe from Fila combines advanced technology with the highest level of comfort for tennis professionals. These tennis shoes, specially designed for clay courts, offer a perfect mix of flexibility and stability thanks to their innovative synthetic and textile upper. The textile inner material nestles comfortably on the foot and, together with the soft polyester insole, ensures a fatigue-free wearing comfort during long matches. The robust rubber outsole guarantees optimal traction and grip on sandy surfaces, meaning every step and every sprint is safe and controlled. Highlights: Synthetic and textile upper: Provides flexibility and breathable comfort. Inner material and insole made of textile or polyester: Increase wearing comfort and support foot health. Non-slip rubber outsole: ensures excellent traction on clay courts. Step up your game with the Axilus FX CLY clay court shoe - for technique, comfort and style on the court!",139.95 €,730,140.00 €,"40, 41, 42, 43, 44, 45, 46, 47",https://www.tennis-point.de/products/fila-axilus-fx-cly-sandplatzschuh-herren-weiss-rot-p0000003220301
Lotto,Mirage 200 II PRT SPD,"dark blue, beige","Perfection on the clay court Take your tennis game to a new level with the MIRAGE 200 II PRT CLY from Lotto. Designed specifically for clay courts, this tennis shoe offers an unbeatable combination of comfort and stability. The upper material made of high-quality synthetic and textile ensures a perfect fit and long-lasting durability. The innovative EVA cover sole guarantees efficient cushioning with every step, while the profiled rubber outsole offers optimal grip on the clay court. Don't let bad weather or slippery surfaces stop you - with the MIRAGE 200 II PRT CLY you're ready for any match. The sporty silhouette and modern design give you an unbeatable appearance on the tennis court. Highlights: Comfortable fit: thanks to the high-quality synthetic and textile material. Efficient cushioning: EVA insole for optimal support and shock absorption. Fantastic grip: Special rubber outsole for maximum grip on clay courts. Treat yourself to the MIRAGE 200 II PRT CLY and dominate the clay court like never before.",74.95 €,345,129.99 €,"40, 40,5, 41, 42, 42,5, 43, 43,5, 44, 45, 45,5, 46, 47, 48, 48,5",https://www.tennis-point.de/products/lotto-mirage-200-ii-prt-spd-sandplatzschuh-herren-dunkelblau-beige-02417101792000
Mizuno,Wave Exceed Court,"white, blue","Experience the comfort of a professional on the clay court. With the Wave Exceed Court tennis shoes from Mizuno you are perfectly equipped for your next match. These clay court shoes impress with their lightweight, synthetic upper material, which offers you excellent freedom of movement. The mix of textile inner material and an EVA insole ensures a comfortable fit that doesn't wear off even after hours of play. The rubber outsole guarantees you exceptional grip and stability on clay courts. The Wave Exceed Series embodies the perfect balance between comfort and performance, exactly what you need for your tennis adventures. Highlights: Lightweight upper material: synthetic for optimal freedom of movement Comfortable insole: EVA material for lasting comfort Stable outsole: rubber for excellent grip on sand Make the difference on the court and rely on the Wave Exceed Court clay court shoes.",87.95 €,395,125.00 €,"39, 40, 40,5, 41, 42, 42,5, 43, 44, 44,5, 45, 46, 47",https://www.tennis-point.de/products/mizuno-wave-exceed-court-sandplatzschuh-herren-weiss-blau-07217601230000
HEAD,Endure Pro,"black, red","Your game, your strength: The Endure Pro BOA Clay Experience top performance on the tennis court with the Endure Pro BOA Clay. This tennis shoe from HEAD, specially developed for clay courts, impresses with an innovative combination of synthetic and mesh in the upper material, which not only stands for outstanding durability, but also offers optimal breathability. The advanced BOA closure technology guarantees a quick, customized fit, while the rubber outsole and synthetic TPU insole ensure excellent traction. With the Endure Pro BOA Clay you can reach a new dimension of speed and comfort on the court! Highlights: Robust Material: Synthetic mesh upper for durability and comfort. BOA closure system: Quick, easy adjustment for optimal hold. Specialized sole design: Rubber and TPU insole for excellent traction on clay courts. Prepare for your best tennis season with the Endure Pro BOA Clay.",158.95 €,820,220.00 €,"40, 40,5, 41, 42, 42,5, 43, 44, 44,5, 45, 46, 46,5, 47, 48, 48,5",https://www.tennis-point.de/products/head-endure-pro-sandplatzschuh-herren-schwarz-rot-p0000004231301
Babolat,SFX EVO CLY,"light blue, black","Maximize your performance with the SFX EVO CLY Experience the revolutionary quality and functionality of the SFX EVO CLY tennis shoes from Babolat especially for men. Designed for maximum performance on clay courts, these shoes offer outstanding comfort and stability through their innovative design and use of high quality materials. The synthetic and mesh upper ensures breathability and a lightweight fit, while the special rubber outsole guarantees excellent grip and durability on the court. The textile inner material and the EVA insole optimally support your feet with every step. Highlights: Innovative upper material: synthetic and mesh for lightness and breathability Special rubber outsole: Perfect grip and long durability on clay courts EVA insole: Provides additional support and comfort Trust the SFX EVO CLY for your best games on the clay courts.",84.95 €,385,95.00 €,"40, 40,5, 41, 42, 42,5, 43, 44, 44,5, 45, 46, 46,5, 47",https://www.tennis-point.de/products/babolat-sfx-evo-cly-sandplatzschuh-herren-hellblau-schwarz-p0000002660701
Lotto,Mirage 100 II,"gray, beige","Perfect for your game on clay The Lotto clay court shoe is not just a shoe, but an indispensable tool for every tennis lover. Designed to provide optimal performance on sandy surfaces, it features a special herringbone rubber compound that ensures an ideal combination of traction and glide. These features allow you to move effortlessly across the court while maintaining control of your movements. Aside from its technical sophistication, the Lotto Mirage 100 II CLAY also offers high comfort with a breathable polyester, mesh upper, meaning the foot stays cool and dry, even during intense play under the scorching sun. With this shoe on your feet, you can push your limits and unleash your full potential on the clay court. The highlights of the Lotto Mirage 100 II CLAY High comfort Polyester, mesh upper synthetic inner material rubber sole herringbone pattern for grip",92.95 €,515,159.99 €,"40, 40,5, 41, 42, 42,5, 43, 43,5, 44, 45, 45,5, 46, 47, 48, 48,5",https://www.tennis-point.de/products/lotto-mirage-100-ii-sandplatzschuh-herren-grau-beige-02417101789000
Lotto,Mirage 300 CLY,"dark blue, red","Optimal performance on the court with the Mirage 300 CLAY The Mirage 300 CLAY from Lotto offers passionate tennis players a perfect combination of comfort and functionality. Specially developed for clay courts, this shoe supports every game on soft surfaces thanks to its high-quality textile upper and robust rubber outsole. The classic tongue construction and the breathable textile inner material ensure pleasant wearing comfort and optimal ventilation throughout the entire match. For players with a defensive playing style, the Mirage 300 CLAY also offers medium cushioning that effectively absorbs shock even during long rallies. Highlights: Specially designed for clay courts: Designed to achieve the best performance on soft surfaces. Classic tongue construction: Ensures a secure and comfortable fit with every move. Breathable design: Provides optimal ventilation and keeps feet cool even during intense games. Experience the perfect support to take your tennis game to the next level with the Mirage 300 CLAY from Lotto.",67.95 €,315,100.00 €,"39, 40, 40,5, 41, 42, 42,5, 43, 43,5, 44, 45, 45,5, 46, 47",https://www.tennis-point.de/products/lotto-mirage-300-cly-sandplatzschuh-herren-dunkelblau-rot-02416001616000
New Balance,FuelCell 996v6,lilac,"Speed ​​and responsiveness on clay The New Balance FuelCell 996v6 clay court shoe was specially developed for players who want to shine with speed and precision on the clay court. The innovative FuelCell midsole delivers explosive energy return and supports fast starts and dynamic changes of direction. The durable, breathable upper material ensures an optimal fit and keeps the foot pleasantly ventilated even during intensive matches. The outsole, specially designed for clay courts, offers excellent traction and enables controlled slides without loss of stability - ideal for agile, controlled play on clay. Highlights: FuelCell midsole: Responsive cushioning with a noticeable energy boost Clay court outsole: Perfect grip and controlled slipping on ash Light, breathable upper: Ensures comfort and a secure fit With the New Balance FuelCell 996v6 clay court shoe you play fast, powerful and with absolute control - made for your next match on red clay.",85.95 €,390,140.00 €,"40,5, 41,5, 42, 42,5, 43, 44, 44,5, 45, 45,5, 46,5, 47, 47,5, 49",https://www.tennis-point.de/products/new-balance-fuelcell-996v6-sandplatzschuh-herren-flieder-07417500921000
ASICS,Solution Speed FF 4,"white, black","Experience speed on the clay court The SOLUTION SPEED FF 4 from ASICS is your perfect companion if you want to dictate the pace on the tennis court. This clay court shoe offers you an unbeatable combination of speed and comfort. The high-quality polyurethane and synthetic upper ensures an ideal fit and durability. Thanks to the innovative rubber outsole, you enjoy optimal grip on the court, while the EVA insole ensures maximum comfort. The textile inner material gives a pleasantly breathable feeling. With the SOLUTION SPEED FF 4 you feel light on your feet and ready to win every rally. Highlights: Top Speed ​​Performance – Experience dynamic freedom of movement like never before. Maximum comfort - The EVA insole provides soft and comfortable support. Grip without compromise - rubber sole ensures perfect grip on clay courts. Get ready to set new standards on the tennis court with the SOLUTION SPEED FF 4.",128.95 €,680,160.00 €,"40, 40,5, 41,5, 42, 42,5, 43,5, 44, 44,5, 45, 46, 46,5, 47, 48, 49, 50,5",https://www.tennis-point.de/products/asics-solution-speed-ff-4-sandplatzschuh-herren-weiss-schwarz-p0000001261104
Yonex,AD Accel CL,"petrol, mint","Experience the difference on the court with AD Accel CL The AD Accel CL clay court shoe offers you optimal support and outstanding performance in every game. Developed for the special requirements of clay court tennis, this shoe combines advanced technologies with the highest level of comfort. The synthetic and textile upper guarantees you breathability and stability, while the specially designed rubber outsole ensures first-class grip on the court. With the soft EVA insole you will also experience excellent cushioning with every step. The AD Accel CL tennis shoes are your ideal partner to take your game to the next level. Highlights: Innovative outsole: Excellent grip on clay courts thanks to high-quality rubber mixture Breathable material: combination of synthetic and textile for optimal air circulation Comfortable cushioning: EVA insole supports every step with soft padding Trust in the AD Accel CL clay court shoes for your success in tennis!",106.95 €,580,160.00 €,"40, 40,5, 41, 42, 43, 44, 44,5, 45, 45,5, 46, 46,5, 47, 48",https://www.tennis-point.de/products/yonex-ad-accel-cl-sandplatzschuh-herren-petrol-mint-p0000003520201
Yonex,Eclipsion 5,"red, neon red","Revolutionize your tennis game with the Eclipsion 5 Cly The Eclipsion 5 Cly from Yonex sets new standards on the tennis court. Specially developed for the challenges of clay courts, this tennis shoe offers an optimal mix of support, comfort and durability. The synthetic and textile upper provides lightweight flexibility, while the durable rubber outsole provides premium traction. The soft inner material made of textile and the EVA insole also ensure excellent cushioning with every step. Highlights: Optimal support: Thanks to the robust synthetic and textile upper material, your feet are safe and supported even during fast-paced games. Superior traction: The rubber outsole of the Eclipsion 5 Cly guarantees maximum grip on clay courts so you can act quickly and confidently. Comfort and cushioning: Thanks to the EVA insole and the soft textile inner material, you will experience comfort that supports you throughout the game. Convince yourself of the performance of the Eclipsion 5 Cly and take your tennis game to the next level!",143.95 €,750,190.00 €,"40, 40,5, 41, 42, 43, 44, 44,5, 45, 45,5, 46, 47, 48",https://www.tennis-point.de/products/yonex-eclipsion-5-sandplatzschuh-herren-rot-neonrot-p0000003490401
Lotto,Mirage 300 III,"orange, white","Perfect for your game on clay The Lotto Mirage 300 III CLY is not just a shoe, but an indispensable tool for every tennis lover. Designed to provide optimal performance on sandy surfaces, it features a special herringbone rubber compound that ensures an ideal combination of traction and glide. These features allow you to move effortlessly across the court while maintaining control of your movements. Aside from its technical sophistication, the Mirage 300 III CLY also features breathable synthetic uppers, meaning the foot stays cool and dry, even during intense play under the scorching sun. With this shoe on your feet, you can push your limits and unleash your full potential on the clay court. The highlights of the Lotto Mirage 300 III CLY High comfort synthetic upper textile inner material rubber sole herringbone pattern for grip",64.95 €,305,100.00 €,"39, 40, 40,5, 41, 42, 42,5, 43, 43,5, 44, 45, 45,5, 46, 47",https://www.tennis-point.de/products/lotto-mirage-300-iii-sandplatzschuh-herren-orangeweiss-02416201667000
Mizuno,Wave Enforce Tour 2,"red, white","Experience tennis with maximum control and comfort. Discover the performance you need on the clay court with the Wave Enforce Tour 2 from Mizuno. This tennis shoe combines a sturdy synthetic upper with a protective rubber outsole to provide you with stability and durability. Thanks to the EVA insole, you will experience exceptional comfort with every step, while the textile inner material ensures excellent air circulation. Whether in training or competition, the Wave Enforce Tour 2 fits your needs perfectly and offers you the optimal support you need for quick changes of direction. Get this shoe and dominate the pitch with confidence and style. Highlights: Unsurpassed Support: Rubber outsole provides exceptional stability on the clay court. Comfortable and durable: EVA insole combined with a robust synthetic upper. Breathability: Textile inner material ensures optimal ventilation and comfort. Get the Wave Enforce Tour 2 and experience tennis on a new level.",135.95 €,715,160.00 €,"39, 40, 40,5, 41, 42, 42,5, 43, 44, 44,5, 45, 46, 47",https://www.tennis-point.de/products/mizuno-wave-enforce-tour-2-sandplatzschuh-herren-rot-weiss-07217601225000
Babolat,SFX 4 CLY,"black, light blue","Maximize your performance with the SFX 4 CLY clay court shoe When it comes to the tennis court, every detail counts. The Babolat SFX 4 CLY clay court shoe combines advanced technology and exceptional comfort to give you the best playing experience. Equipped with a durable rubber outsole and an innovative EVA insole, this tennis shoe offers optimal support and cushioning with every step. The breathable mesh combined with robust synthetics ensures a perfect balance between flexibility and stability, making it the ideal companion on clay courts. Highlights: Robust outsole: Optimal grip and long service life thanks to the high-quality rubber mixture. Comfortable insole: The EVA insole cushions every step perfectly and offers exceptional comfort. Breathable upper material: Synthetics and mesh ensure perfect air circulation and keep your feet cool even during intense matches. Take the game to a new level with the SFX 4 CLY clay court shoe from Babolat.",106.95 €,580,120.00 €,"40, 40,5, 41, 42, 42,5, 43, 44, 44,5, 45, 46, 46,5, 47",https://www.tennis-point.de/products/babolat-sfx-4-cly-sandplatzschuh-herren-schwarz-hellblau-p0000002660601
Mizuno,Wave Enforce Court,"white, red","Unlock your potential on the tennis court. Discover the Wave Enforce Court from Mizuno, which was specially developed for the clay court. This tennis shoe combines innovative technology and high-quality design to take your performance to the next level. The synthetic upper material offers excellent support and durability, while the textile inner material ensures optimal wearing comfort. The EVA insole guarantees excellent cushioning with every step, and the grippy rubber outsole gives you maximum stability on the clay court. Perfect for players who want to show their best side on the tennis court. Highlights: Excellent support: Thanks to the synthetic upper material, you always keep moving. Comfort guaranteed: The textile inner material and the EVA insole offer long-lasting comfort. Maximum stability: The rubber outsole ensures secure footing on the clay court. With the Wave Enforce Court you are always ready for the next match.",87.95 €,395,110.00 €,"39, 40, 40,5, 41, 42, 42,5, 43, 44, 44,5, 45, 46, 47, 48,5",https://www.tennis-point.de/products/mizuno-wave-enforce-court-sandplatzschuh-herren-weiss-rot-07217601232000
On,The Roger Advantage Pro,black,"Control and comfort for your game on clay The On The Roger Advantage Pro clay court shoe was developed for players who value stability, cushioning and modern design. Specially designed for the clay court, the non-slip herringbone outsole ensures optimal grip and controlled slides - perfect for quick changes of direction and dynamic rallies. Thanks to the proven CloudTec® cushioning, you can enjoy pleasant shock absorption with every step, while the integrated Speedboard® technology converts your energy into powerful accelerations. The breathable mesh upper ensures pleasant air circulation and a fresh feeling - even during long matches. Highlights: CloudTec® cushioning for comfort and soft landings Speedboard® technology for more dynamism and responsiveness Herringbone outsole for secure grip and mobility on clay courts With the On The Roger Advantage Pro clay court shoe you experience performance, stability and style at the highest level - ideal for ambitious players on the clay court.",118.95 €,635,170.00 €,"40, 40,5, 41, 42, 42,5, 43, 44, 44,5, 45, 46, 47, 47,5, 48, 49",https://www.tennis-point.de/products/on-the-roger-advantage-pro-sandplatzschuh-herren-schwarz-19417500090000
Fila,Sabbia Lite 3,"white, dark blue","Lightness and control on clay The Fila Sabbia Lite 3 clay court shoe is specially developed for fast, agile players who are looking for maximum freedom of movement and reliable support on the clay court. With its light, breathable upper material, the shoe ensures a pleasant foot climate - even during long matches or intensive training sessions. The specially profiled outsole offers excellent grip on clay courts and allows you to make controlled slides and precise changes of direction. The cushioning midsole protects your joints and ensures a dynamic, responsive running experience. Highlights: Clay court-optimized outsole: Secure grip and optimal gliding Light, breathable upper material: For comfort and agility Effective cushioning: Supports fast movements and protects under stress With the Fila Sabbia Lite 3 clay court shoe you are ready for fast-paced, controlled play on clay - light on the feet, strong in matches.",98.95 €,545,130.00 €,"40, 41, 42, 43, 44, 45, 46, 47",https://www.tennis-point.de/products/fila-sabbia-lite-3-sandplatzschuh-herren-weissdunkelblau-00317501273000
adidas,adizero Ubersonic 5,"white, black","Experience agility and comfort on the clay court! With the adizero Ubersonic 5 Clay from adidas you are unbeatable on clay courts. The light material mix of textile and synthetic ensures breathability and comfort, while the clay court sole offers optimal grip. Ideal for players who value speed and flexibility on the pitch. Highlights: Lightweight and breathable design for long-lasting comfort. Specially developed sole for clay court performance. Ideal for dynamic players who want to dominate their opponents.",105.95 €,575,150.00 €,"40, 40 2/3, 41 1/3, 42, 42 2/3, 43 1/3, 44, 44 2/3, 45 1/3, 46, 46 2/3, 47 1/3, 48, 48 2/3, 49 1/3, 50",https://www.tennis-point.de/products/adidas-adizero-ubersonic-5-sandplatzschuh-herren-weiss-schwarz-00517506378000
Yonex,Eclipsion 5 Cly,"silver, orange","ECLIPSION 5 Clay - innovation that moves Discover the advanced ECLIPSION 5 Clay tennis shoes from Yonex, specially developed for the challenges of clay courts. These shoes offer you an optimal combination of performance and comfort. Thanks to the high-quality upper made of synthetic and textile as well as a special rubber outsole that ensures optimal grip, you can take your tennis game to a new level. In addition, the breathable textile inner material guarantees a comfortable fit, while the EVA insole provides the necessary support. Highlights: Upper material: High-quality materials for flexibility and durability Comfortable insole: EVA insole supports and relieves your feet with every step Optimized grip: Sophisticated rubber outsole for maximum performance on clay courts The ECLIPSION 5 Clay tennis shoes are the perfect choice for ambitious tennis players who don't want to make any compromises on the clay court.",143.95 €,750,190.00 €,"40, 40,5, 41, 42, 43, 44, 44,5, 45, 45,5, 46, 47",https://www.tennis-point.de/products/yonex-eclipsion-5-cly-sandplatzschuh-herren-silber-orange-p0000003490801
K-Swiss,Express Light 3 CLY,"lime, dark blue","Anniversary edition with style and performance The K-Swiss Express Light 3 - 25 years TP X K-Swiss Special Edition clay court shoe celebrates a quarter of a century of passion for tennis with an exclusive design and proven functionality. Specially developed for clay courts, it offers optimal traction and stability for dynamic matches on red surfaces. The breathable mesh upper with reinforced overlays ensures a lightweight feel and high durability. The special clay court outsole guarantees perfect grip and enables quick changes of direction without slipping. The reactive cushioning in the midsole protects joints and ensures long-lasting comfort - ideal for intensive game days. Highlights at a glance Exclusive Special Edition: Celebrating 25 years of collaboration between Tennis-Point and K-Swiss Clay court outsole: Maximum traction and stability on red surfaces Lightweight, breathable upper material: Pleasant comfort and high durability With the K-Swiss Express Light 3 - 25 years of TP stylish, functional and unique.",99.95 €,545,129.95 €,"39,5, 40, 41, 41,5, 42, 42,5, 43, 44, 44,5, 45, 46, 47, 49",https://www.tennis-point.de/products/k-swiss-express-light-3-cly-sandplatzschuh-herren-limette-dunkelblau-01417102480000
Wilson,Rush Pro Ace Quiet Please,"gray, orange","Perfect for your game on clay The Wilson Rush Pro Ace Quiet Please is not just a shoe, but an essential tool for every tennis lover. Designed to provide optimal performance on sandy surfaces, it features a special herringbone rubber compound that ensures an ideal combination of traction and glide. These features allow you to move effortlessly across the court while maintaining control of your movements. Aside from its technical sophistication, the Rush Pro Ace Quiet Please also features a breathable mesh upper, meaning the foot stays cool and dry, even during intense play under the scorching sun. With this shoe on your feet, you can push your limits and unleash your full potential on the clay court. The highlights of the Wilson Rush Pro Ace Quiet Please High comfort mesh upper textile inner material rubber sole herringbone pattern for grip",68.95 €,320,120.00 €,"40, 40 2/3, 41 1/3, 42, 42 2/3, 43 1/3, 44, 44 2/3, 45 1/3, 46, 46 2/3, 47 1/3, 48, 49 1/3",https://www.tennis-point.de/products/wilson-rush-pro-ace-quiet-please-sandplatzschuh-herren-grauorange-00716802781000
adidas,Barricade 14,"white, black","Ready to Control the Court The Barricade 14 tennis shoe is made for players who aren't afraid to dictate the game. Building on legendary successes, this model has been redesigned to combine stability, comfort and durability in a lighter and more dynamic design. The custom-woven mesh upper provides ventilation, stretch and a secure fit. The Lighttraxion outsole reduces weight without compromising grip on hard courts. adidas Repetitor delivers consistent energy return and stability, while the padded collar and tongue provide comfort. The Adituff abrasion zone improves slip control. Your highlights Stability and control Ideal for quick changes of direction. Lightweight, comfortable to wear even during intense matches. Long-lasting performance Constant energy return. Feel the difference and take your game to the next level.",129.95 €,685,160.00 €,"40, 40 2/3, 41 1/3, 42, 42 2/3, 43 1/3, 44, 44 2/3, 45 1/3, 46, 46 2/3, 47 1/3, 48, 48 2/3, 50",https://www.tennis-point.de/products/adidas-barricade-14-sandplatzschuh-herren-weiss-schwarz-00517606838000
Joma,Rapid,white,"Optimal performance on the clay court with RAPID CLAY Dominate the clay court with the RAPID CLAY tennis shoes from Joma. These shoes are specifically designed for men and offer you the perfect combination of lightness and stability so you can get the most out of your tennis game. The textile and synthetic upper ensures excellent ventilation and flexibility, while the robust rubber outsole offers you optimal grip. The Rapid clay court shoe is so light that you hardly feel it on your feet, giving you the freedom to move quickly and agilely. In addition, the EVA insole ensures unparalleled comfort with every serve and every sprint. Trust in the quality of Joma and take your game to the next level. Highlights: Breathable material: Textile and synthetic offer ventilation and comfort Optimal traction: Rubber outsole for optimal grip on clay courts Lightweight design: For maximum freedom of movement and agility Grab it now and experience the difference with the RAPID CLAY tennis shoes.",113.95 €,610,132.00 €,"41, 42, 42,5, 43, 43,5, 44, 44,5, 45, 46, 47, 48",https://www.tennis-point.de/products/joma-rapid-sandplatzschuh-herren-weiss-15017100232000
Babolat,Jet Tere 2 CLY,black-and-white,"Lightness and performance for the clay court The Babolat Jet Tere 2 CLY clay court shoe for men is the ideal choice for players who value speed and agility on clay courts. With its lightweight design and innovative technologies, this shoe offers perfect support for dynamic movements and explosive changes of direction. The breathable mesh upper ensures a comfortable fit and keeps your feet cool even during intense matches. The specially developed Michelin outsole ensures optimal grip and durability on clay courts. In addition, the KPRS-X cushioning ensures excellent comfort and protects your joints with every step. Highlights at a glance: Especially for clay courts: Michelin outsole for outstanding grip and stability. Lightweight, breathable upper material: maximum mobility and a fresh foot climate. KPRS-X cushioning: optimal protection and high comfort during intense matches. The Babolat Jet Tere 2 CLY clay court shoe for men combines lightness and performance - for fast and controlled movements on the sand!",69.95 €,325,110.00 €,"40, 40,5, 41, 42, 42,5, 43, 44, 44,5, 45, 46, 46,5, 47, 48",https://www.tennis-point.de/products/babolat-jet-tere-2-cly-sandplatzschuh-herren-schwarzweiss-00917502555000
Diadora,Speed Blushield Fly 4 +,white,"Perfect for your game on clay The Diadora clay court shoe is not just a shoe, but an indispensable tool for every tennis lover. Designed to provide optimal performance on sandy surfaces, it features a special herringbone rubber compound that ensures an ideal combination of traction and glide. These features allow you to move effortlessly across the court while maintaining control of your movements. Aside from its technical sophistication, the Diadora Speed ​​Blushield Fly 4+ CLAY also offers high comfort breathable polyurethane (PU), polyester upper, meaning the foot stays cool and dry, even during intense play under the scorching sun. With this shoe on your feet, you can push your limits and unleash your full potential on the clay court. The highlights of the Diadora Speed ​​Blushield Fly 4+ CLAY High comfort Polyurethane (PU), polyester upper material polyester inner material rubber sole herringbone pattern for grip",81.95 €,375,150.00 €,"40,5, 41, 42, 42,5, 43, 44, 44,5, 45, 45,5, 46, 47, 47,5, 48",https://www.tennis-point.de/products/diadora-speed-blushield-fly-4-sandplatzschuh-herren-weiss-11717100391000
Yonex,Sonicage 3,black,"Perfect for your game on clay The Yonex clay court shoe is not just a shoe, but an indispensable tool for every tennis lover. Designed to provide optimal performance on sandy surfaces, it features a special herringbone rubber compound that ensures an ideal combination of traction and glide. These features allow you to move effortlessly across the court while maintaining control of your movements. Aside from its technical sophistication, the Yonex Sonicage 3 CLY also offers high comfort with a breathable synthetic upper, meaning the foot stays cool and dry, even during intense play under the scorching sun. With this shoe on your feet, you can push your limits and unleash your full potential on the clay court. The highlights of the Yonex Sonicage 3 CLY High comfort synthetic upper synthetic inner material rubber sole herringbone pattern for grip",98.95 €,545,149.95 €,"40,5, 41, 42, 43, 44, 44,5, 45, 45,5, 46, 47",https://www.tennis-point.de/products/yonex-sonicage-3-sandplatzschuh-herren-schwarz-01916601428000
Nike,Vapor Lite 3,black-and-white,"Dynamics and comfort combined - the perfect shoe for the clay court. This clay court shoe for men offers the ideal combination of stability, lightness and modern design. Specially developed for dynamic players, it ensures maximum control and a comfortable fit during intense matches on clay courts. The innovative midsole with lightweight cushioning provides optimal shock absorption to relieve joint pressure and support explosive movements. The specially profiled clay court outsole guarantees excellent grip and stability, even when changing direction quickly. The breathable mesh upper ensures your feet stay cool and dry, even during long and demanding matches. With its sporty and elegant design, this shoe is not only functional, but also an eye-catcher on the tennis court. Highlights: Lightweight midsole for optimal cushioning and dynamic mobility Clay court outsole for secure grip and maximum stability on sand surfaces Breathable mesh upper for long-lasting comfort and ideal ventilation Unlock your full potential on the clay court - with a shoe that provides you with optimal support in every playing situation.",55.95 €,265,85.00 €,"38,5, 39, 40, 40,5, 41, 42, 42,5, 43, 44, 44,5, 45, 45,5, 46, 47, 47,5, 48,5, 49,5",https://www.tennis-point.de/products/nike-vapor-lite-3-sandplatzschuh-herren-schwarz-weiss-00417517836000
Nike,Challenge Pro,black-and-white,"Game. Complete. Victory. Take victory with the brand new GP Challenge Pro. It's designed for sprints to the baseline and daring sprints to the net. It offers the speed and stability you need to give your best in the game. It features our groundbreaking Claybreaker technology, making it perfect for sliding and sprinting on the red sand. Clay Court Ready Nike Claybreaker technology provides improved traction and reduced sand buildup on clay courts. The additional grip in the forefoot and midfoot areas provides control when sliding with a wide traction pattern. We used traction maps, pressure maps and analyzed sand buildup areas for design. Then we tested it on red clay courts in Europe under different clay court conditions (cold, warm, wet and dry). Quick changes of direction A strong plastic plate in the midfoot area combined with a wide base ensures stability during quick cuts and sudden changes of direction. The synthetic leather on the outside offers you a secure hold during lateral movements. Unrestricted freedom of movement Additional rubber in the toe area, especially on the side of the big toe, provides additional durability where needed. Abrasion-resistant rubber along the outsole provides added durability and traction. Zoom, Zoom The Air Zoom element in the heel area provides support and the Air Zoom element in the forefoot area ensures a springy appearance. More Details Designed to be worn on clay and padel courts. Cushioned insole",72.95 €,335,109.99 €,"38,5, 39, 40, 40,5, 41, 42, 42,5, 43, 44, 44,5, 45, 45,5, 46, 47, 47,5, 48,5, 49,5",https://www.tennis-point.de/products/nike-challenge-pro-sandplatzschuh-herren-schwarzweiss-00416617553000
ASICS,Gel-Resolution X,"white, black","Stability and comfort for dominant play on clay The ASICS Gel-Resolution X men's clay court shoe is the ideal companion for tennis players who are looking for maximum control, support and comfort on clay courts. With advanced technologies and a durable design, this shoe provides the perfect foundation for dynamic movement and precise play. The proven GEL™ cushioning technology in the forefoot and heel ensures optimal shock absorption and a comfortable fit, even during intense matches. The specially developed clay court outsole offers excellent grip and stability on clay surfaces, allowing quick changes of direction and safe movements at any time. The breathable upper material promotes a pleasant foot climate and ensures long-lasting comfort. With its sporty look and well-thought-out features, the Gel-Resolution X is a must for ambitious players who want to perform at their best on sand. Highlights: GEL™ cushioning technology: Effective shock absorption for maximum comfort. Clay Court Outsole: Excellent grip and stability for precise movements on clay. Breathable material: ensures fresh feet and high wearing comfort. With the ASICS Gel-Resolution",129.95 €,685,160.00 €,"40, 40,5, 41,5, 42, 42,5, 43,5, 44, 44,5, 45, 46, 46,5, 47, 48, 49, 50,5",https://www.tennis-point.de/products/asics-gel-resolution-x-sandplatzschuh-herren-weissschwarz-02017506403000
adidas,adizero Ubersonic 5,"white, dark green","Experience agility and comfort on the clay court! With the adizero Ubersonic 5 Clay from adidas you are unbeatable on clay courts. The light material mix of textile and synthetic ensures breathability and comfort, while the clay court sole offers optimal grip. Ideal for players who value speed and flexibility on the pitch. Highlights: Lightweight and breathable design for long-lasting comfort. Specially developed sole for clay court performance. Ideal for dynamic players who want to dominate their opponents.",92.95 €,515,150.00 €,"40, 40 2/3, 41 1/3, 42, 42 2/3, 43 1/3, 44, 44 2/3, 45 1/3, 46, 46 2/3, 47 1/3, 48, 48 2/3, 49 1/3, 50",https://www.tennis-point.de/products/adidas-adizero-ubersonic-5-sandplatzschuh-herren-weiss-dunkelgruen-00517106562000
Diadora,B.Icon 2,"blue, white","Perfect for your game on clay The Diadora clay court shoe is not just a shoe, but an indispensable tool for every tennis lover. Designed to provide optimal performance on sandy surfaces, it features a special herringbone rubber compound that ensures an ideal combination of traction and glide. These features allow you to move effortlessly across the court while maintaining control of your movements. Aside from its technical sophistication, the Diadora B.Icon 2 CLAY also offers high comfort breathable polyester, TPU, polyurethane (PU) upper, meaning the foot stays cool and dry, even during intense play under the scorching sun. With this shoe on your feet, you can push your limits and unleash your full potential on the clay court. The highlights of the Diadora B.Icon 2 CLAY High comfort Polyester, TPU, Polyurethane (PU) Upper material Polyester Inner material Rubber Sole Herringbone pattern for grip",106.95 €,580,165.00 €,"39, 40, 40,5, 41, 42, 42,5, 43, 44, 44,5, 45, 45,5, 46, 47, 47,5, 48, 49",https://www.tennis-point.de/products/diadora-bicon-2-sandplatzschuh-herren-blauweiss-11716800351000
Wilson,Rush Pro 4.0,"white, gray","Your best games start with Wilson The Wilson Rush Pro 4.0 is a real all-round talent and will convince you in every respect. No matter whether we are talking about the design or the comfort. This clay court shoe guarantees you the best performance and a comfortable fit. Wilson has incorporated a number of innovations that particularly improve comfort and make your training even better. Wilson has further developed the Rush Pro Chassis construction and 4D Support to give your foot even more support and forward movement as well as lateral stability and control. With the EVA midsole with additional Energy Cell, every impact is optimized and you get explosive propulsion. The Wilson Rush Pro is a shoe that, with its technology and sleek silhouette with a simple design, delivers an all-round package that you simply can't live without! The right arguments for the Rush Pro 4.0 from Wilson Robust and breathable upper Dynamic Fit technology for improved suspension R-DST for more cushioning Drop 12mm Duralast rubber sole Herringbone profile",79.95 €,365,140.00 €,"40, 40 2/3, 41 1/3, 42, 42 2/3, 43 1/3, 44, 44 2/3, 45 1/3, 46, 46 2/3, 47 1/3, 48, 49 1/3",https://www.tennis-point.de/products/wilson-rush-pro-40-sandplatzschuh-herren-weissgrau-00716602750000
adidas,adizero Ubersonic 5,"lime, black","Experience agility and comfort on the clay court! With the adizero Ubersonic 5 Clay from adidas you are unbeatable on clay courts. The light material mix of textile and synthetic ensures breathability and comfort, while the clay court sole offers optimal grip. Ideal for players who value speed and flexibility on the pitch. Highlights: Lightweight and breathable design for long-lasting comfort. Specially developed sole for clay court performance. Ideal for dynamic players who want to dominate their opponents.",92.95 €,515,150.00 €,"40, 40 2/3, 41 1/3, 42, 42 2/3, 43 1/3, 44, 44 2/3, 45 1/3, 46, 46 2/3, 47 1/3, 48, 48 2/3, 49 1/3, 50",https://www.tennis-point.de/products/adidas-adizero-ubersonic-5-sandplatzschuh-herren-limette-schwarz-00517506379000
Babolat,Jet Tere 2 CLY,"white, dark red","Experience maximum speed and control on clay courts The Babolat Jet Tere 2 CLY clay court shoe offers you speed, stability and comfort to take your game on clay to the next level. With its ultra-light construction, it enables explosive movements and lightning-fast changes of direction. The special outsole guarantees optimal grip on sandy surfaces, while the breathable upper material ensures perfect ventilation for your feet. Get a decisive performance advantage on the court with the Babolat Jet Tere 2 CLY clay court shoe. Ultralight construction for maximum speed Special outsole for optimal grip on clay courts Breathable upper material for high wearing comfort Choose the Babolat Jet Tere 2 CLY clay court shoe and experience speed, comfort and safety in every playing situation.",69.95 €,325,110.00 €,"40, 40,5, 41, 42, 42,5, 43, 44, 44,5, 45, 46, 46,5, 47, 48",https://www.tennis-point.de/products/babolat-jet-tere-2-cly-sandplatzschuh-herren-weissdunkelrot-00917102597000
K-Swiss,Hypercourt Supreme 2,"white, petrol","Maximum power for your clay court game Do you want to impress with speed and control on the clay court? Then the K-Swiss Hypercourt Supreme 2 is exactly your shoe. The Hypercourt series from K-Swiss stands for explosive movements, sporty dynamics and uncompromising comfort - developed for players who put pressure on every point. The Hypercourt Supreme 2 combines all of this in an advanced, modern design with an optimized fit and improved responsiveness. Thanks to the outsole specially designed for clay courts, you can enjoy the best possible traction and stability - no matter how fast your sprints and slides are. Cushioning technology keeps you feeling fresh and responsive even during long matches. With the K-Swiss Hypercourt Supreme 2 you dominate the game from the baseline to the net - with style, comfort and full control. Highlights at a glance Pure clay court performance - specially profiled outsole for optimal grip during quick changes of direction Maximum energy return - responsive cushioning for explosive movements Sporty comfort - breathable materials and perfect fit for hours of comfort",98.95 €,545,169.99 €,"41, 41,5, 42, 42,5, 43, 44, 44,5, 45, 46, 47, 49",https://www.tennis-point.de/products/k-swiss-hypercourt-supreme-2-sandplatzschuh-herren-weisspetrol-01417502437000
Mizuno,Wave Enforce Tour 2,"white, blue","Experience tennis with maximum control and comfort. Discover the performance you need on the clay court with the Wave Enforce Tour 2 from Mizuno. This tennis shoe combines a sturdy synthetic upper with a protective rubber outsole to provide you with stability and durability. Thanks to the EVA insole, you will experience exceptional comfort with every step, while the textile inner material ensures excellent air circulation. Whether in training or competition, the Wave Enforce Tour 2 fits your needs perfectly and offers you the optimal support you need for quick changes of direction. Get this shoe and dominate the pitch with confidence and style. Highlights: Unsurpassed Support: Rubber outsole provides exceptional stability on the clay court. Comfortable and durable: EVA insole combined with a robust synthetic upper. Breathability: Textile inner material ensures optimal ventilation and comfort. Get the Wave Enforce Tour 2 and experience tennis on a new level.",106.95 €,580,160.00 €,"39, 40, 40,5, 41, 42, 42,5, 43, 44, 44,5, 45, 46, 47",https://www.tennis-point.de/products/mizuno-wave-enforce-tour-2-sandplatzschuh-herren-weiss-blau-07217601226000
Babolat,SFX 4,"dark blue, turquoise","Comfort and stability for the clay court The Babolat SFX 4 clay court shoe for men was developed specifically for players who want to perform at their best on clay courts. With its thoughtful design and high-quality materials, this shoe offers the perfect mix of cushioning, comfort and stability. The specially developed clay court sole ensures optimal grip and safe movements, while the breathable upper material ensures a pleasant foot climate. Thanks to the extra generous fit and the shock-absorbing midsole, the shoe is particularly comfortable even during long matches. Robust and functional, it accompanies you reliably on the pitch. Highlights at a glance: Especially for clay courts: sole with excellent grip for a secure hold. Excellent cushioning: protection of the joints for maximum comfort. Generous Fit: Perfect for long games and lasting comfort. With the Babolat SFX 4 clay court shoe for men you not only play better, but also more comfortably - ideal for anyone who wants to dominate on clay courts!",68.95 €,320,120.00 €,"40, 40,5, 41, 42, 42,5, 43, 44, 44,5, 45, 46, 46,5, 47, 48, 49",https://www.tennis-point.de/products/babolat-sfx-4-sandplatzschuh-herren-dunkelblautuerkis-00917502557000
Nike,Zoom Vapor 12,"blue, yellow","Dynamics and grip for quick matches on clay The Nike Vapor 12 clay court shoe men is the perfect choice for tennis players who are looking for maximum agility and stability on clay courts. Thanks to the specially developed herringbone outsole, the shoe offers optimal grip for quick changes of direction, while the lightweight upper material ensures a comfortable fit. Responsive Zoom Air cushioning ensures optimal shock absorption and explosive acceleration, while reinforced side panels provide additional support. The breathable mesh upper keeps your feet cool and dry - ideal for long, intense matches on clay. Your advantages at a glance: Herringbone profile for perfect grip - Optimal traction on clay courts Zoom Air cushioning - Responsive shock absorption for quick acceleration Breathable, stable design - Light, comfortable and with increased support With the Nike Vapor 12 clay court shoe men you play faster, more stable and with maximum comfort - for your best tennis on clay!",128.95 €,680,159.99 €,"38,5, 39, 40, 40,5, 41, 42, 42,5, 43, 44, 44,5, 45, 45,5, 46, 47, 47,5, 48,5, 49,5",https://www.tennis-point.de/products/nike-zoom-vapor-12-sandplatzschuh-herren-blau-gelb-00417118026000
Mizuno,Wave Enforce Court,"white, blue","Unlock your potential on the tennis court. Discover the Wave Enforce Court from Mizuno, which was specially developed for the clay court. This tennis shoe combines innovative technology and high-quality design to take your performance to the next level. The synthetic upper material offers excellent support and durability, while the textile inner material ensures optimal wearing comfort. The EVA insole guarantees excellent cushioning with every step, and the grippy rubber outsole gives you maximum stability on the clay court. Perfect for players who want to show their best side on the tennis court. Highlights: Excellent support: Thanks to the synthetic upper material, you always keep moving. Comfort guaranteed: The textile inner material and the EVA insole offer long-lasting comfort. Maximum stability: The rubber outsole ensures secure footing on the clay court. With the Wave Enforce Court you are always ready for the next match.",81.95 €,375,110.00 €,"39, 40, 40,5, 41, 42, 42,5, 43, 44, 44,5, 45, 46, 47, 48,5",https://www.tennis-point.de/products/mizuno-wave-enforce-court-sandplatzschuh-herren-weiss-blau-07217601233000
Lotto,Mirage 100 II,"white, blue","Perfect for your game on clay The Lotto clay court shoe is not just a shoe, but an indispensable tool for every tennis lover. Designed to provide optimal performance on sandy surfaces, it features a special herringbone rubber compound that ensures an ideal combination of traction and glide. These features allow you to move effortlessly across the court while maintaining control of your movements. Aside from its technical sophistication, the Lotto Mirage 100 II CLAY also offers high comfort with a breathable polyester, mesh upper, meaning the foot stays cool and dry, even during intense play under the scorching sun. With this shoe on your feet, you can push your limits and unleash your full potential on the clay court. The highlights of the Lotto Mirage 100 II CLAY High comfort Polyester, mesh upper synthetic inner material rubber sole herringbone pattern for grip",109.95 €,595,159.99 €,"39, 40, 40,5, 41, 42, 42,5, 43, 43,5, 44, 45, 45,5, 46, 47, 48, 48,5",https://www.tennis-point.de/products/lotto-mirage-100-ii-sandplatzschuh-herren-weissblau-02417501772000
Yonex,Power Cushion Ad-Accel,"dark blue, turquoise","Maximum stability and cushioning for clay courts The Yonex Power Cushion Ad-Accel clay court shoe was specially developed for tennis players who require maximum stability, traction and comfort on clay courts. Thanks to the proven Power Cushion™ technology, shocks are efficiently absorbed and converted into energy for fast movements - for a dynamic and comfortable running experience. The herringbone outsole provides excellent grip and enables controlled slides, while the lightweight and breathable mesh upper ensures a comfortable foot climate. Reinforced zones in the midfoot and toe areas provide additional protection and durability, so you can confidently master even intense matches. Highlights: Power Cushion™ cushioning for optimal shock absorption and energy return Herringbone outsole for maximum grip on clay courts Breathable mesh upper for high comfort and air circulation With the Yonex Power Cushion Ad-Accel clay court shoe you enjoy perfect stability, cushioning and traction - ideal for your next clay court match!",95.95 €,530,159.95 €,"40,5, 41, 42, 43, 44, 44,5, 45, 45,5, 46, 46,5, 47, 48",https://www.tennis-point.de/products/yonex-power-cushion-ad-accel-sandplatzschuh-herren-dunkelblautuerkis-01917501453000
Joma,Roland,"white, mint","Maximum performance with the Roland men's clay court shoe. Discover the Roland men's clay court shoe from Joma, which has been specially developed to optimize your tennis performance. With its high-quality textile and synthetic upper, this tennis shoe not only offers robustness, but also exceptional flexibility and breathability. The EVA insole provides improved cushioning, while the rubber outsole offers you the best grip on the clay court. The special features and stylish design make the ROLAND CLAY the ideal companion for your tennis games, whether as an ambitious amateur or professional. Take advantage of the special conditions that apply exclusively to employees and experience the combination of style and functionality. Highlights: Breathable upper: Keeps your feet cool and dry. EVA insole: Provides excellent cushioning and comfort. Perfect traction: The rubber sole ensures optimal grip on the clay court. Don't miss the opportunity to take your game to the next level with the Roland Men's Clay Court Shoe.",119.95 €,640,132.00 €,"37, 38, 39, 40, 40,5, 41, 42, 42,5, 43, 44, 45, 46, 47, 48",https://www.tennis-point.de/products/joma-roland-sandplatzschuh-herren-weiss-mint-15017100241000
ASICS,Solution Speed FF 4,"petrol, pink","Experience speed on the clay court The SOLUTION SPEED FF 4 from ASICS is your perfect companion if you want to dictate the pace on the tennis court. This clay court shoe offers you an unbeatable combination of speed and comfort. The high-quality polyurethane and synthetic upper ensures an ideal fit and durability. Thanks to the innovative rubber outsole, you enjoy optimal grip on the court, while the EVA insole ensures maximum comfort. The textile inner material gives a pleasantly breathable feeling. With the SOLUTION SPEED FF 4 you feel light on your feet and ready to win every rally. Highlights: Top Speed ​​Performance – Experience dynamic freedom of movement like never before. Maximum comfort - The EVA insole provides soft and comfortable support. Grip without compromise - rubber sole ensures perfect grip on clay courts. Get ready to set new standards on the tennis court with the SOLUTION SPEED FF 4.",127.95 €,675,160.00 €,"40, 40,5, 41,5, 42, 42,5, 43,5, 44, 44,5, 45, 46, 46,5, 47, 48, 49, 50,5",https://www.tennis-point.de/products/asics-solution-speed-ff-4-sandplatzschuh-herren-petrol-pink-p0000001261105
Diadora,B.Icon 3,orange,"Dynamic clay court shoe for maximum performance The Diadora B.Icon 3 clay court shoe men was developed for tennis players who need maximum stability, cushioning and traction on clay courts. The specially adapted clay court outsole offers optimal grip and enables quick changes of direction on the court. Thanks to DD Anima cushioning technology, the shoe provides excellent energy return and springy comfort with every step. The durable and breathable upper keeps your feet cool, while reinforced heel and toe areas provide additional protection and support. Your advantages at a glance: Clay court outsole - for optimal support and stability on clay courts DD Anima cushioning - for responsive comfort and reduced stress Breathable, durable upper material - for long-lasting comfort With the Diadora B.Icon 3 clay court shoe men you are well equipped to take your game on clay courts to the next level!",139.95 €,730,165.00 €,"40,5, 41, 42, 42,5, 43, 44, 44,5, 45, 45,5, 46, 47, 47,5, 48",https://www.tennis-point.de/products/diadora-bicon-3-sandplatzschuh-herren-orange-11717100392000
Wilson,Rush Pro 4.5,"dark blue, white","Perfect for your game on clay The Wilson Rush Pro 4.5 CLY is not just a shoe, but an essential tool for every tennis lover. Designed to provide optimal performance on sandy surfaces, it features a special herringbone rubber compound that ensures an ideal combination of traction and glide. These features allow you to move effortlessly across the court while maintaining control of your movements. Aside from its technical sophistication, the Rush Pro 4.5 CLY also features a breathable synthetic upper, meaning the foot stays cool and dry, even during intense play under the scorching sun. With this shoe on your feet, you can push your limits and unleash your full potential on the clay court. The highlights of the Wilson Rush Pro 4.5 CLY High comfort synthetic upper textile inner material rubber sole herringbone pattern for grip",75.95 €,350,140.00 €,"40, 40 2/3, 41 1/3, 42, 42 2/3, 43 1/3, 44, 44 2/3, 45 1/3, 46, 46 2/3, 47 1/3, 48, 49 1/3",https://www.tennis-point.de/products/wilson-rush-pro-45-sandplatzschuh-herren-dunkelblauweiss-00716802773000
ASICS,Solution Speed FF3,"white, neon green",Increase your pace and increase the pressure The SOLUTION SPEED™ FF 3 is designed for tennis players who play on all surfaces and are looking for a fast and lightweight shoe designed for speed. SPEEDTRUSS™ technology improves your agility on the court. It also provides better acceleration. The new mesh upper and algorithmically generated outsole are lightweight and provide excellent grip and flexibility for increased speed on the court. Asics Solution Speed ​​FF 3 men's quick check: FLYTEFOAM™ technology provides lightweight cushioning SPEEDTRUSS™ technology improves speed and cutting movements AHARPLUS™ rubber improves durability Clay court outsole,89.95 €,405,150.00 €,"39, 39,5, 40, 40,5, 41,5, 42, 42,5, 43,5, 44, 44,5, 45, 46, 46,5, 47, 48, 49, 50,5",https://www.tennis-point.de/products/asics-solution-speed-ff3-sandplatzschuh-herren-weissneongruen-02017506627000
ASICS,GEL-RESOLUTION X CLAY,"black, neon yellow","Maximum stability and comfort for clay courts. The ASICS Gel Resolution X men's clay court shoe offers tennis players first-class stability, cushioning and durability—perfect for intense matches on clay. Thanks to the proven GEL™ technology in the heel and forefoot, shocks are effectively absorbed, so you can enjoy maximum comfort even when moving quickly. The specially developed clay court outsole ensures optimal grip and supports dynamic changes of direction. DYNAWALL™ technology provides additional stability in the midfoot area, while the durable, breathable upper ensures a comfortable foot climate. Reinforced zones in heavily stressed areas ensure a long service life. Your advantages at a glance: GEL™ technology - optimal cushioning for joint-friendly comfort DYNAWALL™ technology - for more stability and control Clay court outsole - maximum grip on clay courts With the ASICS Gel Resolution X clay court shoe men you are well equipped to take your clay court game to the next level with stability, comfort and control!",111.95 €,605,160.00 €,"39, 39,5, 40, 40,5, 41,5, 42, 42,5, 43,5, 44, 44,5, 45, 46, 46,5, 47, 48, 49, 50,5",https://www.tennis-point.de/products/asics-gel-resolution-x-clay-sandplatzschuh-herren-schwarz-neongelb-02017506628000
On,THE ROGER Pro 2,"white, pink","Precision and power for your game on clay The On THE ROGER Pro 2 clay court shoe was developed in collaboration with Roger Federer and is aimed at everyone who expects uncompromising performance and control on the tennis court. Designed specifically for use on clay courts, this shoe combines innovative stability technologies with responsive cushioning - ideal for quick changes of direction and long rallies. The sturdy upper provides support and durability, while the Helion Superfoam midsole provides springy cushioning while maintaining direct ground contact. The modified outsole with clay court tread provides optimal grip without affecting gliding on sand. Inside, a stabilizing element provides additional control during quick movements along the baseline. Highlights: Clay court-optimized sole: Perfect grip with simultaneous gliding Reactive cushioning: Helion superfoam for springy comfort Maximum control: Stabilizing element for precise movement control A high-performance shoe for everyone who wants more on the clay court - control, comfort and the decisive advantage in the game.",187.95 €,950,200.00 €,"40, 40,5, 41, 42, 42,5, 43, 44, 44,5, 45, 46, 47, 47,5, 48, 49",https://www.tennis-point.de/products/on-the-roger-pro-2-sandplatzschuh-herren-weisspink-19417100101000
Wilson,Rush Pro 4.5,"black, red","Dominance on clay: stability and performance combined The Wilson Rush Pro 4.5 clay court shoe for men is the perfect choice for ambitious tennis players who are looking for full control and comfort on clay courts. With its innovative technology, this shoe supports quick changes of direction, stability and a dynamic game. The breathable upper material ensures a lightweight feel and keeps your feet pleasantly cool even during intense matches. The specially developed clay court outsole offers excellent grip and durability, so you always have a secure grip on clay courts. Thanks to R-DST+ cushioning, you'll enjoy maximum shock absorption and comfort, while 4D Support Chassis technology ensures stability during fast movements. Highlights at a glance: Clay court outsole: Perfect grip and durability on clay surfaces. 4D Support Chassis: Stability and support during quick changes of direction. R-DST+ cushioning: gentle on the joints and comfortable for intensive play. The Wilson Rush Pro 4.5 clay court shoe for men combines stability, comfort and performance - ideal for players who want to perform at their best on the clay court!",64.95 €,305,140.00 €,"40, 40 2/3, 41 1/3, 42, 42 2/3, 43 1/3, 44, 44 2/3, 45 1/3, 46, 46 2/3, 47 1/3, 48, 49 1/3",https://www.tennis-point.de/products/wilson-rush-pro-45-sandplatzschuh-herren-schwarzrot-00717502799000
Nike,Zoom Vapor Pro 3,"blue, yellow","Speed ​​and stability - the ideal clay court shoe for demanding players. The clay court shoe for men was developed to offer maximum performance on clay courts. With its modern design and innovative technologies, it supports dynamic movements and ensures optimal comfort so that you have the upper hand in every rally. The lightweight construction with a responsive midsole ensures excellent cushioning and energy return. The specially profiled clay court outsole offers excellent grip and stability, even when changing direction quickly. The breathable mesh upper ensures a pleasant foot climate and prevents overheating, even during intense matches. Thanks to its elegant design and sophisticated functionality, this shoe is the perfect companion for players who want to combine speed, precision and comfort. Highlights: Responsive midsole for optimal cushioning and dynamics Special clay court outsole for maximum grip and stability Breathable mesh upper for long-lasting comfort and ventilation With this clay court shoe you can take your game to a new level - for confident performance in every match!",108.95 €,590,129.99 €,"38,5, 39, 40, 40,5, 41, 42, 42,5, 43, 44, 44,5, 45, 45,5, 46, 47, 47,5, 48,5, 49,5",https://www.tennis-point.de/products/nike-zoom-vapor-pro-3-sandplatzschuh-herren-blau-gelb-00417118028000
ASICS,Game FF / OC,"white, black","For clay court specialists – control and comfort in one! The Game FF Clay from ASICS combines advanced technology with a robust design. The synthetic leather ensures stability and a precise fit, while the clay court sole provides unparalleled grip. Perfect for players who want to perform at their best on clay. Highlights: Clay court sole for stability and maximum traction. Synthetic leather for durability and comfort. Ideal for precise and dynamic play on sand.",79.95 €,365,90.00 €,"40, 40,5, 41,5, 42, 42,5, 43,5, 44, 44,5, 45, 46, 46,5, 47, 48, 49",https://www.tennis-point.de/products/asics-game-ff-oc-sandplatzschuh-herren-weiss-schwarz-02017506426000
On,The Roger Pro 2,yellow,"Control, speed and comfort for your clay court game The On The Roger Pro 2 clay court shoe was developed together with tennis legend Roger Federer and specifically tailored to the requirements of playing on clay. With its balanced combination of stability, cushioning and dynamics, it offers ambitious players the perfect basis for quick rallies and controlled gliding on the pitch. The durable herringbone outsole provides excellent traction on sand and allows precise sliding without losing grip. The breathable, reinforced mesh upper offers optimal fit and high durability during intense matches. An integrated carbon speedboard in the midsole delivers explosive energy transfer and supports responsive movements in all directions. Your advantages at a glance: Herringbone profile sole for optimal grip and gliding behavior on sand Carbon speedboard for powerful acceleration and stability Breathable upper material for cool wearing comfort and high durability With the On The Roger Pro 2 clay court shoe you play confidently, agilely and with maximum control - ready for your best tennis on clay.",199.95 €,1005,200.00 €,"40, 40,5, 41, 42, 42,5, 43, 44, 44,5, 45, 46, 47, 47,5, 48, 49",https://www.tennis-point.de/products/on-the-roger-pro-2-sandplatzschuh-herren-gelb-19417500087000
Wilson,Rush Pro Ace,blue,"Stability and comfort for the clay court The Wilson Rush Pro Ace clay court shoe for men offers you the perfect mix of control, comfort and performance - ideal for demanding matches on clay courts. With its sophisticated technology, it supports dynamic movements and quick changes of direction, while at the same time ensuring a comfortable fit. The breathable upper material ensures optimal ventilation and a lightweight feel, even during intensive games. The Duralast outsole, specially developed for clay courts, guarantees excellent grip and high durability. Thanks to the R-DST+ cushioning, you benefit from optimal impact protection and responsive comfort, so you can fully concentrate on your game. Highlights at a glance: Duralast clay court sole: perfect grip and high durability. Breathable upper : Keeps your feet fresh and light. R-DST+ cushioning: Gentle on the joints and responsive for maximum comfort. The Wilson Rush Pro Ace clay court shoe for men supports you in every rally - stable, comfortable and ready for top performance on the clay!",59.95 €,285,119.95 €,"40, 40 2/3, 41 1/3, 42, 42 2/3, 43 1/3, 44, 44 2/3, 45 1/3, 46, 46 2/3, 47 1/3, 48, 49 1/3",https://www.tennis-point.de/products/wilson-rush-pro-ace-sandplatzschuh-herren-blau-00717502797000
Wilson,Rush Pro 4.5,"red, white","Perfect for your game on clay The Wilson Rush Pro 4.5 CLY is not just a shoe, but an essential tool for every tennis lover. Designed to provide optimal performance on sandy surfaces, it features a special herringbone rubber compound that ensures an ideal combination of traction and glide. These features allow you to move effortlessly across the court while maintaining control of your movements. Aside from its technical sophistication, the Rush Pro 4.5 CLY also features a breathable synthetic upper, meaning the foot stays cool and dry, even during intense play under the scorching sun. With this shoe on your feet, you can push your limits and unleash your full potential on the clay court. The highlights of the Wilson Rush Pro 4.5 CLY High comfort synthetic upper textile inner material rubber sole herringbone pattern for grip",68.95 €,320,140.00 €,"40, 40 2/3, 41 1/3, 42, 42 2/3, 43 1/3, 44, 44 2/3, 45 1/3, 46, 46 2/3, 47 1/3, 48, 49 1/3",https://www.tennis-point.de/products/wilson-rush-pro-45-sandplatzschuh-herren-rotweiss-00716802772000
K-Swiss,Hypercourt Express 2,"petrol, light gray","A classic with more power The Hypercourt Express 2 from K-Swiss is inspired by the original classic tennis shoe, but equipped with the latest materials and technologies for the right support and added comfort. The shoe has a regular fit and features a synthetic and mesh upper that offers a pleasant combination of lightweight comfort and support. In addition, the water-repellent effect of the upper material ensures that the shoe does not become heavy and the foot stays dry. The mesh tongue and mesh inserts in the upper ensure high breathability and excellent ventilation and keep feet cool and dry. The Surgelite midsole provides maximum shock absorption and added durability. The midsole also features the 'GuideGlide' construction and guarantees a comfortable and stable gait. The Ortholite insert also offers light cushioning. The entire handle coating reduces wear. DuraWrap and DragGuard in the outsole provide an additional layer of protection at key shoe support points. The highlights of the K-Swiss Hypercourt Express 2 Upper material Synthetic leather Textile lining on the shaft edge Molded rubber outsole CMEVA midsole Ortholite insole Lacing",99.95 €,545,150.00 €,"41, 41,5, 42, 42,5, 43, 44, 44,5, 45, 46, 47, 49",https://www.tennis-point.de/products/k-swiss-hypercourt-express-2-sandplatzschuh-herren-petrolhellgrau-01416602363000
adidas,Defiant Speed 2,"white, neon yellow","Lightness and control for your game on clay The adidas Defiant Speed ​​2 clay court shoe impresses with a lightweight, responsive design that is specially developed for fast movements on clay courts. Whether sprinting to the baseline or making explosive changes of direction, this shoe offers you reliable grip and a direct feel so you can develop your full potential on the court. The breathable upper material conforms comfortably to your foot and provides a light, supportive feel. The midsole with comfortable cushioning reduces the strain during intensive movements and at the same time offers you the energy you need for your game. The profiled outsole is designed for optimal traction and stability on sand. Your advantages at a glance: Lightweight, breathable upper material for high wearing comfort Cushioning midsole for reactive movements and impact protection Special clay court outsole for reliable grip and stability With the adidas Defiant Speed ​​2 clay court shoe you play fast, controlled and safe - ideal for your next match on clay.",66.95 €,310,120.00 €,"40, 40 2/3, 41 1/3, 42, 42 2/3, 43 1/3, 44, 44 2/3, 45 1/3, 46, 46 2/3, 47 1/3, 48, 48 2/3, 49 1/3, 50",https://www.tennis-point.de/products/adidas-defiant-speed-2-sandplatzschuh-herren-weiss-neongelb-00517106558000
HEAD,Revolt Pro 4.5,"dark blue, red","Maximum stability and performance for the clay court The Head Revolt Pro 4.5 clay court shoe for men is the perfect companion for tennis players who value support, comfort and durability. Developed specifically for clay courts, this shoe impresses with its stability and innovative technology that meets even the most demanding requirements. The robust and breathable upper material ensures optimal protection and pleasant wearing comfort. The durable clay court outsole offers excellent grip and confident footing when changing direction quickly. With the integrated TRI-NRG technology, your energy is used optimally, while the cushioning protects your joints. Highlights at a glance: Clay court outsole: Perfect grip and stability on clay. TRI-NRG technology: Maximum energy transfer and cushioning. Robust, breathable material: durable and comfortable to wear. With the Head Revolt Pro 4.5 clay court shoe for men you can achieve top performance on any clay court - stable, comfortable and ready for intense matches!",79.95 €,365,160.00 €,"38,5, 39, 40, 40,5, 41, 42, 42,5, 43, 44, 44,5, 45, 46, 46,5, 47, 48, 48,5",https://www.tennis-point.de/products/head-revolt-pro-45-sandplatzschuh-herren-dunkelblaurot-00617501978000
HEAD,Sprint Pro 4.0,"lime, dark blue","Lightweight and stable clay court shoe for maximum performance The Head Sprint Pro 4.0 men's clay court shoe is the perfect choice for tennis players who need maximum speed, stability and comfort on clay courts. The super light and breathable mesh upper ensures optimal ventilation and keeps your feet pleasantly cool even during intense matches. The specially developed Clay Court outsole offers maximum grip on clay courts and enables quick changes of direction. Drift Defense technology reinforces high-wear areas in the toe and midfoot, while innovative T-KORE 360° technology provides improved stability and durability. The EVA midsole provides responsive cushioning for a comfortable ride. Your advantages at a glance: Lightweight, breathable mesh upper material - for high wearing comfort Clay Court outsole - perfect grip and stability on sand Drift Defense, T-KORE 360° technology - protection, durability and stability With the Head Sprint Pro 4.0 clay court shoe men you are well equipped to dominate on the clay court with speed and precision!",79.95 €,365,160.00 €,"40, 40,5, 41, 42, 42,5, 43, 44, 44,5, 45, 46, 46,5, 47, 48, 48,5",https://www.tennis-point.de/products/head-sprint-pro-40-sandplatzschuh-herren-limettedunkelblau-00617501971000
ASICS,Gel-Challenger 15,"white, dark gray","Stability and cushioning for your game on clay The ASICS Gel-Challenger 15 clay court shoe is your reliable partner for intensive matches on the clay court. It offers targeted support for quick changes of direction and longer rallies, combined with pleasant cushioning and optimal ground feel. The GEL technology in the rearfoot area ensures effective shock absorption and supports a comfortable running experience - even under high loads. The TRUSSTIC technology in the midsole stabilizes the midfoot and prevents unwanted twisting during sideways movements. The abrasion-resistant herringbone outsole is specifically designed for clay courts and provides excellent traction for quick slides and stops. Highlights: GEL cushioning system: Soft landings and excellent comfort TRUSSTIC support unit: Provides stability and guidance during dynamic movements Special clay court sole: Herringbone profile for optimal grip and controlled slides Durable upper material: Durable and supportive for a secure playing feel With the ASICS Gel-Challenger 15 clay court shoe you play confidently and dynamically - with the perfect balance of stability, comfort and control the sand court.",109.95 €,595,120.00 €,"40, 40,5, 41,5, 42, 42,5, 43,5, 44, 44,5, 45, 46, 46,5, 47, 48, 49, 50,5",https://www.tennis-point.de/products/asics-gel-challenger-15-sandplatzschuh-herren-weiss-dunkelgrau-a0000002380401
K-Swiss,Express Light 3,light blue,"Power and comfort in one shoe The Express Light 3 from K-Swiss is a lightweight tennis shoe designed for on-court performance and a high level of comfort. This updated model of its successful predecessor features DuraWrap Flex, a redesigned, molded RPU construction that provides flexible support and draft protection. Inside, a well-padded collar provides comfort and stability, while a die-cut foam insole provides responsive cushioning underfoot. The Express Light 3 has an HB outsole with a deep herringbone tread pattern for excellent traction on clay courts. The highlights of the K-Swiss Express Light 3 Upper made of synthetic leather Textile lining on the shaft edge Molded rubber outsole CMEVA midsole Ortholite insole Lacing",68.95 €,320,119.99 €,"40, 41, 41,5, 42, 42,5, 43, 44, 44,5, 45, 46, 47, 49",https://www.tennis-point.de/products/k-swiss-express-light-3-sandplatzschuh-herren-hellblau-01417502442000
New Balance,"Fresh Foam X CT-Rally V2 Allcourtschuh Herren - hellblau, schwarz","light blue, black","The game-changing clay court companion Reach new heights in your tennis game with New Balance's Fresh Foam X CT-Rally V2, perfectly designed for dynamic clay court matches. Thanks to the innovative mesh and textile upper, this tennis shoe offers excellent breathability and robust support at the same time. The specially developed rubber outsole guarantees maximum traction for quick changes of direction and intense hits. Comfort is increased by the EVA insole, which cushions every step and thus softens the impact on the rough surface. With its stylish design and functional features, the Fresh Foam X CT-Rally V2 is the ideal choice for every ambitious tennis player. Highlights: Breathtaking breathability: Mesh and textile ensure optimal air circulation and a high level of well-being even during intensive matches. Excellent traction: A specialized rubber sole allows agile and fast movements on clay courts. Superior Comfort: The EVA footbed provides premium cushioning and reduces stress on your joints with every step. Increase your performance and enjoy every moment on the court with the Fresh Foam X CT-Rally V2.",131.95 €,695,150.00 €,"40,5, 41,5, 42, 42,5, 43, 44, 44,5, 45, 45,5, 46,5, 47, 47,5, 49",https://www.tennis-point.de/products/new-balance-fresh-foam-x-ct-rally-v2-allcourtschuh-herren-hellblau-schwarz-p0000002501002
ASICS,Solution Speed Ff 3 Clay,"dark blue, white",Increase your pace and increase the pressure The SOLUTION SPEED™ FF 3 is designed for tennis players who play on all surfaces and are looking for a fast and lightweight shoe designed for speed. SPEEDTRUSS™ technology improves your agility on the court. It also provides better acceleration. The new mesh upper and algorithmically generated outsole are lightweight and provide excellent grip and flexibility for increased speed on the court. Asics Solution Speed ​​FF 3 men's quick check: FLYTEFOAM™ technology provides lightweight cushioning SPEEDTRUSS™ technology improves speed and cutting movements AHARPLUS™ rubber improves durability Clay court outsole,97.95 €,540,150.00 €,"40, 40,5, 41,5, 42, 42,5, 43,5, 44, 44,5, 45, 46, 46,5, 47, 48, 49, 50,5",https://www.tennis-point.de/products/asics-solution-speed-ff-3-clay-sandplatzschuh-herren-dunkelblau-weiss-02017106632000
On,The Roger Advantage Pro,"white, cream","Elegance meets performance on clay The On The Roger Advantage Pro clay court shoe combines modern design with technical precision - ideal for tennis players who value style, comfort and control. Developed with the support of Roger Federer, the shoe impresses with a balanced combination of stability, responsiveness and traction specifically for clay courts. The innovative CloudTec® cushioning in combination with the integrated Speedboard® ensures springy comfort and powerful acceleration with every step. The specially developed herringbone outsole guarantees optimal grip and controlled slides on sand. Breathable mesh material also ensures comfortable ventilation during long matches. Highlights: CloudTec® cushioning for comfortable shock absorption and dynamics Speedboard® technology for explosive acceleration Herringbone outsole for optimal grip and mobility on clay courts With the On The Roger Advantage Pro clay court shoe you bring control, style and performance to the court - ideal for demanding players with an eye for detail.",144.95 €,755,170.00 €,"40, 40,5, 41, 42, 42,5, 43, 44, 44,5, 45, 46, 47, 47,5, 48, 49",https://www.tennis-point.de/products/on-the-roger-advantage-pro-sandplatzschuh-herren-weisscreme-19417500091000
Wilson,Rush Pro 4.5,"white, green","Maximum stability and grip on clay The Wilson Rush Pro 4.5 men's clay court shoe is the perfect choice for tennis players who need stability, comfort and maximum traction on clay courts. Thanks to the innovative 4D Support Chassis technology, this shoe offers optimal support during quick changes of direction and explosive movements. The breathable upper material ensures an ideal fit and keeps your feet pleasantly cool even during intense matches. The specially developed clay court sole guarantees excellent grip and enables controlled gliding movements without losing stability. The responsive cushioning also reduces stress on the joints and ensures a comfortable fit. Your advantages at a glance: 4D Support Chassis – Maximum stability for safe movements on sand. Responsive Cushioning – Optimal comfort and reduced joint stress. Specially developed clay court sole – excellent grip and optimal gliding ability. With the Wilson Rush Pro 4.5 men's clay court shoe, you can stay in control on clay courts at all times and play your best tennis!",74.95 €,345,140.00 €,"40, 40 2/3, 41 1/3, 42, 42 2/3, 43 1/3, 44, 44 2/3, 45 1/3, 46, 46 2/3, 47 1/3, 48, 49 1/3",https://www.tennis-point.de/products/wilson-rush-pro-45-sandplatzschuh-herren-weissgruen-00717502795000
On,The Roger Pro 2,"black, yellow","Maximum performance and precision for the clay court The On The Roger Pro 2 clay court shoe men, developed in collaboration with Roger Federer, is the perfect choice for demanding tennis players who are looking for absolute control and dynamism on clay courts. This high-quality shoe combines the latest technology with a stylish design that will impress you on and off the court. Speedboard® technology ensures efficient power transfer and explosive agility, while the specially developed clay court outsole provides excellent grip and stability during quick changes of direction. The breathable upper material keeps your feet pleasantly cool and dry even during long matches. At the same time, the precise fit guarantees secure support and comfort in every playing situation. This shoe offers the ideal blend of performance, stability and sophistication - perfect for players looking for clay court dominance. Highlights: Speedboard® technology: Supports powerful movements and dynamic acceleration. Clay court outsole: Optimal support and stability for fast, precise play. Breathable upper: Lightweight and comfortable for lasting freshness. The On The Roger Pro 2 men's clay court shoe is your reliable partner for top performance on clay - for players who don't make compromises.",159.95 €,825,200.00 €,"40, 40,5, 41, 42, 42,5, 43, 44, 44,5, 45, 46, 47, 47,5, 48, 49",https://www.tennis-point.de/products/on-the-roger-pro-2-sandplatzschuh-herren-schwarzgelb-19417500086000
HEAD,Revolt Pro 4.5,"white, black","Maximum stability and cushioning for clay courts The Head Revolt Pro 4.5 men's clay court shoe is specially developed for tennis players who need maximum stability, durability and comfort on clay courts. Thanks to its robust construction, this shoe offers optimal protection and enables powerful movements and quick changes of direction on the court. The innovative T-KORE 360° technology improves stability in the midfoot area and ensures maximum durability. The Clay Court outsole guarantees excellent grip on clay courts, while the Drift Defense technology provides reinforced toe and side areas for additional protection. The TRI-NRG cushioning system effectively absorbs shock and reduces stress on joints and muscles - ideal for long, intense matches. Your advantages at a glance: T-KORE 360° technology - for increased stability and durability Clay Court outsole - optimal grip and maneuverability on clay courts TRI-NRG cushioning system - for excellent shock absorption and comfort With the Head Revolt Pro 4.5 clay court shoe men you enjoy maximum comfort, stability and control - perfect for demanding matches on clay!",84.95 €,385,160.00 €,"38,5, 39, 40, 40,5, 41, 42, 42,5, 43, 44, 44,5, 45, 46, 46,5, 47, 48, 48,5",https://www.tennis-point.de/products/head-revolt-pro-45-sandplatzschuh-herren-weissschwarz-00617501980000
On,THE ROGER Pro Fire,"dark blue, blue","Perfect your tennis game with THE ROGER Pro Fire Clay Discover outstanding performance with THE ROGER Pro Fire Clay tennis shoes. These exceptional clay court shoes from On offer the ideal combination of comfort and functionality. The breathable mesh upper combined with the durable polyester ensures a pleasantly light feel and promotes maximum freedom of movement with every step. The grippy rubber outsole offers you optimal grip and stability on clay courts, while the EVA insole offers additional comfort. Experience tennis at a new level and dominate the game in style. Highlights: Excellent breathability: Mesh upper material ensures optimal ventilation Maximum stability: Special rubber outsole for the best grip on clay courts Ultimate comfort: EVA insole adapts to the shape of your foot Become unbeatable on the clay courts with THE ROGER Pro Fire Clay tennis shoes.",168.95 €,865,210.00 €,"40, 40,5, 41, 42, 42,5, 43, 44, 44,5, 45, 46, 47, 47,5, 48, 49",https://www.tennis-point.de/products/on-the-roger-pro-fire-sandplatzschuh-herren-dunkelblau-blau-19417100104000
Yonex,Sonicage,dark blue,"Lightness and stability for the clay court The Yonex Sonicage clay court shoe offers the perfect combination of comfort, stability and traction for your game on clay courts. Thanks to the innovative Power Cushion™ cushioning, shocks are efficiently absorbed, so you enjoy a comfortable and responsive running experience. The herringbone outsole provides optimal grip on clay courts and enables quick changes of direction and controlled slides. The lightweight and breathable upper offers a perfect fit and keeps your feet pleasantly dry even during long matches. Highlights: Power Cushion™ cushioning for maximum shock absorption and energy return Herringbone outsole for perfect grip on clay courts Lightweight and breathable upper material for high wearing comfort With the Yonex Sonicage clay court shoe you move quickly, stably and comfortably across the court - ideal for your next match!",99.95 €,545,139.95 €,"40, 40,5, 41, 42, 43, 44, 44,5, 45, 45,5, 46, 46,5, 47, 48",https://www.tennis-point.de/products/yonex-sonicage-sandplatzschuh-herren-dunkelblau-01917501455000
Wilson,Rush Pro Ace,"black, green","Comfort and stability for maximum performance on clay The Wilson Rush Pro Ace clay court shoe for men has been specially developed for players who are looking for maximum control, stability and comfort on clay courts. With state-of-the-art technology and a well-thought-out design, this shoe supports you in intense matches and quick changes of direction. The breathable upper material ensures a pleasant foot climate, while the Duralast clay court sole guarantees optimal grip and durability on sand surfaces. R-DST+ cushioning offers the perfect combination of shock absorption and responsive comfort to protect your joints. In addition, the wide fit ensures extra comfort and a secure fit - ideal for longer use on the pitch. Highlights at a glance: Duralast clay court sole: Perfect grip and high durability on clay. R-DST+ cushioning: Gentle on the joints and responsive for maximum comfort. Breathable material: Fresh feet even during intense matches. The Wilson Rush Pro Ace clay court shoe for men is the ideal companion for clay court players who value stability, comfort and performance - ready for every match!",58.95 €,280,120.00 €,"40, 40 2/3, 41 1/3, 42, 42 2/3, 43 1/3, 44, 44 2/3, 45 1/3, 46, 46 2/3, 47 1/3, 48, 49 1/3",https://www.tennis-point.de/products/wilson-rush-pro-ace-sandplatzschuh-herren-schwarzgruen-00717502796000
Babolat,Jet Tere 2,"blue, white","Perfect for your game on clay The Babolat clay court shoe is not just a shoe, but an indispensable tool for every tennis lover. Designed to provide optimal performance on sandy surfaces, it features a special herringbone rubber compound that ensures an ideal combination of traction and glide. These features allow you to move effortlessly across the court while maintaining control of your movements. Aside from its technical sophistication, the Babolat Jet Tere 2 CLAY also offers high comfort with a breathable mesh, textile upper, meaning the foot stays cool and dry, even during intense play under the scorching sun. With this shoe on your feet, you can push your limits and unleash your full potential on the clay court. The highlights of the Babolat Jet Tere 2 CLAY High comfort Mesh, textile upper textile inner material rubber sole herringbone pattern for grip",54.95 €,285,110.00 €,"39, 40, 40,5, 41, 42, 42,5, 43, 44, 44,5, 45, 46, 46,5, 47, 48",https://www.tennis-point.de/products/babolat-jet-tere-2-sandplatzschuh-herren-blauweiss-00916602478000
K-Swiss,Hypercourt Express 2,"black, multicolored","A classic with more power The Hypercourt Express 2 from K-Swiss is inspired by the original classic tennis shoe, but equipped with the latest materials and technologies for the right support and added comfort. The shoe has a regular fit and features a synthetic and mesh upper that offers a pleasant combination of lightweight comfort and support. In addition, the water-repellent effect of the upper material ensures that the shoe does not become heavy and the foot stays dry. The mesh tongue and mesh inserts in the upper ensure high breathability and excellent ventilation and keep feet cool and dry. The Surgelite midsole provides maximum shock absorption and added durability. The midsole also features the 'GuideGlide' construction and guarantees a comfortable and stable gait. The Ortholite insert also offers light cushioning. The entire handle coating reduces wear. DuraWrap and DragGuard in the outsole provide an additional layer of protection at key shoe support points. The highlights of the K-Swiss Hypercourt Express 2 Upper material Synthetic leather Textile lining on the shaft edge Molded rubber outsole CMEVA midsole Ortholite insole Lacing",82.95 €,375,139.99 €,"41, 41,5, 42, 42,5, 43, 44, 44,5, 45, 46, 47, 49",https://www.tennis-point.de/products/k-swiss-hypercourt-express-2-sandplatzschuh-herren-schwarzmehrfarbig-01417502449000
K-Swiss,Express Light 3,"black, neon green","Power and comfort in one shoe The Express Light 3 from K-Swiss is a lightweight tennis shoe designed for on-court performance and a high level of comfort. This updated model of its successful predecessor features DuraWrap Flex, a redesigned, molded RPU construction that provides flexible support and draft protection. Inside, a well-padded collar provides comfort and stability, while a die-cut foam insole provides responsive cushioning underfoot. The Express Light 3 has an HB outsole with a deep herringbone tread pattern for excellent traction on clay courts. The highlights of the K-Swiss Express Light 3 Upper made of synthetic leather Textile lining on the shaft edge Molded rubber outsole CMEVA midsole Ortholite insole Lacing",81.95 €,375,119.99 €,"39,5, 40, 41, 41,5, 42, 42,5, 43, 44, 44,5, 45, 46, 47, 49",https://www.tennis-point.de/products/k-swiss-express-light-3-sandplatzschuh-herren-schwarzneongruen-01417102469000
Babolat,Jet Tere,red,"Perfect for your game on clay The Babolat clay court shoe is not just a shoe, but an indispensable tool for every tennis lover. Designed to provide optimal performance on sandy surfaces, it features a special herringbone rubber compound that ensures an ideal combination of traction and glide. These features allow you to move effortlessly across the court while maintaining control of your movements. Aside from its technical sophistication, the Babolat Jet Tere CLAY also offers high comfort with a breathable mesh upper, meaning the foot stays cool and dry, even during intense play under the scorching sun. With this shoe on your feet, you can push your limits and unleash your full potential on the clay court. The highlights of the Babolat Jet Tere CLAY High comfort mesh upper textile inner material rubber sole herringbone pattern for grip",59.95 €,285,110.00 €,"40, 40,5, 41, 42, 42,5, 43, 44, 44,5, 45, 46, 46,5, 47, 48",https://www.tennis-point.de/products/babolat-jet-tere-sandplatzschuh-herren-rot-00916402367000
K-Swiss,Hypercourt Express 2,"petrol, white","A classic with more power The Hypercourt Express 2 from K-Swiss is inspired by the original classic tennis shoe, but equipped with the latest materials and technologies for the right support and added comfort. The shoe has a regular fit and features a synthetic and mesh upper that offers a pleasant combination of lightweight comfort and support. In addition, the water-repellent effect of the upper material ensures that the shoe does not become heavy and the foot stays dry. The mesh tongue and mesh inserts in the upper ensure high breathability and excellent ventilation and keep feet cool and dry. The Surgelite midsole provides maximum shock absorption and added durability. The midsole also features the 'GuideGlide' construction and guarantees a comfortable and stable gait. The Ortholite insert also offers light cushioning. The entire handle coating reduces wear. DuraWrap and DragGuard in the outsole provide an additional layer of protection at key shoe support points. The highlights of the K-Swiss Hypercourt Express 2 Upper material Synthetic leather Textile lining on the shaft edge Molded rubber outsole CMEVA midsole Ortholite insole Lacing",94.95 €,525,139.99 €,"41, 41,5, 42, 42,5, 43, 44, 44,5, 45, 46, 47, 49",https://www.tennis-point.de/products/k-swiss-hypercourt-express-2-sandplatzschuh-herren-petrolweiss-01417102467000
ASICS,Game FF / OC,"white, dark blue","For clay court specialists – control and comfort in one! The Game FF Clay from ASICS combines advanced technology with a robust design. The synthetic leather ensures stability and a precise fit, while the clay court sole provides unparalleled grip. Perfect for players who want to perform at their best on clay. Highlights: Clay court sole for stability and maximum traction. Synthetic leather for durability and comfort. Ideal for precise and dynamic play on sand.",62.95 €,295,90.00 €,"40,5, 41,5, 42, 42,5, 43,5, 44, 44,5, 45, 46, 46,5, 47, 48, 49",https://www.tennis-point.de/products/asics-game-ff-oc-sandplatzschuh-herren-weiss-dunkelblau-02017106630000
K-Swiss,Court Express 2,"blue, white","Dynamic shoe for top performance on clay The K-Swiss Court Express 2 clay court shoe for men is the ideal choice for ambitious tennis players who want to give their best on clay courts. With its well-thought-out construction, it offers stability, comfort and optimal traction to take your game to the next level. The durable sole ensures excellent grip on sand, while the breathable upper material guarantees a pleasant foot climate. The combination of white and dark blue gives the shoe a modern, sporty look. Thanks to the light but robust construction, you can fully concentrate on your game. Highlights at a glance: Special clay court sole: Perfect grip for maximum control and mobility. Breathable design: Keeps your feet fresh even during intense matches. Comfortable fit: Optimal fit for long periods of wear without pressure points. The K-Swiss Court Express 2 clay court shoe is the perfect partner for your game - powerful, comfortable and always stylish!",57.95 €,275,79.99 €,"41, 41,5, 42, 42,5, 43, 44, 44,5, 45, 46, 47",https://www.tennis-point.de/products/k-swiss-court-express-2-sandplatzschuh-herren-blauweiss-01417502446000
adidas,Defiant Speed 2,"lime, black","Lightness and control for your game on clay The adidas Defiant Speed ​​2 clay court shoe impresses with a lightweight, responsive design that is specially developed for fast movements on clay courts. Whether sprinting to the baseline or making explosive changes of direction, this shoe offers you reliable grip and a direct feel so you can develop your full potential on the court. The breathable upper material conforms comfortably to your foot and provides a light, supportive feel. The midsole with comfortable cushioning reduces the strain during intensive movements and at the same time offers you the energy you need for your game. The profiled outsole is designed for optimal traction and stability on sand. Your advantages at a glance: Lightweight, breathable upper material for high wearing comfort Cushioning midsole for reactive movements and impact protection Special clay court outsole for reliable grip and stability With the adidas Defiant Speed ​​2 clay court shoe you play fast, controlled and safe - ideal for your next match on clay.",74.95 €,345,120.00 €,"40, 40 2/3, 41 1/3, 42, 42 2/3, 43 1/3, 44, 44 2/3, 45 1/3, 46, 46 2/3, 47 1/3, 48, 48 2/3, 49 1/3, 50",https://www.tennis-point.de/products/adidas-defiant-speed-2-sandplatzschuh-herren-limette-schwarz-00517506390000
Wilson,Rush Pro Ace,"red, white","Maximum control and comfort on clay The Wilson Rush Pro Ace men's clay court shoe is the ideal choice for tennis players looking for stability, precision and comfort on clay courts. This shoe was specially developed to accompany dynamic movements and quick changes of direction with optimal support. The breathable mesh upper keeps your feet pleasantly fresh and feels lightweight. The Duralast clay court sole offers excellent grip and durability, even during intense matches. Thanks to the R-DST+ cushioning, you enjoy a perfect combination of shock absorption and responsiveness that protects your joints and supports you during quick movements. Highlights at a glance: Duralast clay court sole: Perfect grip and high durability on clay. Breathable upper material: For fresh feet and high wearing comfort. R-DST+ cushioning: Gentle on the joints and responsive for maximum performance. With the Wilson Rush Pro Ace clay court shoe for men you are well equipped to dominate on the clay court - stable, comfortable and powerful!",59.95 €,285,120.00 €,"40, 40 2/3, 41 1/3, 42, 42 2/3, 43 1/3, 44, 44 2/3, 45 1/3, 46, 46 2/3, 47 1/3, 48, 49 1/3",https://www.tennis-point.de/products/wilson-rush-pro-ace-sandplatzschuh-herren-rotweiss-00717502801000
ASICS,Gel-Challenger 15,"white, blue-grey","Stability and cushioning for your game on clay The ASICS Gel-Challenger 15 clay court shoe is your reliable partner for intensive matches on the clay court. It offers targeted support for quick changes of direction and longer rallies, combined with pleasant cushioning and optimal ground feel. The GEL technology in the rearfoot area ensures effective shock absorption and supports a comfortable running experience - even under high loads. The TRUSSTIC technology in the midsole stabilizes the midfoot and prevents unwanted twisting during sideways movements. The abrasion-resistant herringbone outsole is specifically designed for clay courts and provides excellent traction for quick slides and stops. Highlights: GEL cushioning system: Soft landings and excellent comfort TRUSSTIC support unit: Provides stability and guidance during dynamic movements Special clay court sole: Herringbone profile for optimal grip and controlled slides Durable upper material: Durable and supportive for a secure playing feel With the ASICS Gel-Challenger 15 clay court shoe you play confidently and dynamically - with the perfect balance of stability, comfort and control the sand court.",77.95 €,355,120.00 €,"39, 39,5, 40, 40,5, 41,5, 42, 42,5, 43,5, 44, 44,5, 45, 46, 46,5, 47, 48, 49, 50,5",https://www.tennis-point.de/products/asics-gel-challenger-15-sandplatzschuh-herren-weissblaugrau-02017106696000
Wilson,Rush Pro 4.5,white,"Maximum stability and grip for clay courts The Wilson Rush Pro 4.5 clay court shoe was developed for tennis players who require maximum stability, traction and comfort on clay courts. 4D Support Chassis™ technology provides improved control and prevents unwanted foot movements when changing direction quickly. Thanks to the specially developed herringbone outsole, you can enjoy optimal grip on clay courts and perform controlled slides. R-DST+™ cushioning efficiently absorbs shock for a comfortable, responsive ride. The breathable Sensifeel™ mesh upper keeps your feet comfortably dry even during long matches. Highlights: 4D Support Chassis™ technology for maximum stability and control Herringbone outsole for perfect grip and controlled slides on clay courts R-DST+™ cushioning for optimal shock absorption and energy return With the Wilson Rush Pro 4.5 clay court shoe you move safely, stably and comfortably across the clay court - ideal for your next match!",88.95 €,400,140.00 €,"40, 40 2/3, 41 1/3, 42, 42 2/3, 43 1/3, 44, 44 2/3, 45 1/3, 46, 46 2/3, 47 1/3, 48, 49 1/3",https://www.tennis-point.de/products/wilson-rush-pro-45-sandplatzschuh-herren-weiss-00717502804000
Babolat,SFX 4,"white, dark blue","Comfort and stability for the clay court The Babolat SFX 4 clay court shoe for men was developed specifically for players who want to perform at their best on clay courts. With its thoughtful design and high-quality materials, this shoe offers the perfect mix of cushioning, comfort and stability. The specially developed clay court sole ensures optimal grip and safe movements, while the breathable upper material ensures a pleasant foot climate. Thanks to the extra generous fit and the shock-absorbing midsole, the shoe is particularly comfortable even during long matches. Robust and functional, it accompanies you reliably on the pitch. Highlights at a glance: Especially for clay courts: sole with excellent grip for a secure hold. Excellent cushioning: protection of the joints for maximum comfort. Generous Fit: Perfect for long games and lasting comfort. With the Babolat SFX 4 clay court shoe for men you not only play better, but also more comfortably - ideal for anyone who wants to dominate on clay courts!",72.95 €,335,120.00 €,"40, 40,5, 41, 42, 42,5, 43, 44, 44,5, 45, 46, 46,5, 47, 48, 49",https://www.tennis-point.de/products/babolat-sfx-4-sandplatzschuh-herren-weissdunkelblau-00917502556000
adidas,Barricade 13,black-and-white,"Performance and design in one shoe With this adidas Barricade 13 you impress with quick-witted performance on the pitch. The torsion system guarantees optimized freedom of movement from rear to forefoot and the asymmetrical lacing guarantees a secure fit and stability during quick changes of direction and slides. Thanks to the REPETITOR+ midsole, you not only benefit from reliable support, but also from dynamic rolling behavior. The Geofit Sensepods also adapt to the natural shape of your heel, ensuring support and comfort until the last minute of play. This product is made with at least 20% recycled materials. The highlights of the Barricade 13 by adidas Regular fit Asymmetrical lacing Breathable mesh upper Geofit Sensepods REPETITOR+ midsole Torsion system for optimized freedom of movement from back to forefoot Adiwear outsole with Adituff toe area Made from at least 20% recycled materials",106.95 €,580,150.00 €,"40, 40 2/3, 41 1/3, 42, 42 2/3, 43 1/3, 44, 44 2/3, 45 1/3, 46, 46 2/3, 47 1/3, 48, 48 2/3, 49 1/3, 50, 51 1/3",https://www.tennis-point.de/products/adidas-barricade-13-sandplatzschuh-herren-schwarz-weiss-00516606038000
HEAD,Revolt Evo 2.0,"dark blue, lime","Maximum comfort and stability for clay court players The Head Revolt Evo 2.0 men's clay court shoe offers maximum comfort and excellent stability for tennis players on clay courts. With its wider fit and extra soft padding, this shoe is ideal for those who prefer a comfortable and supportive fit. The specially developed Clay Court outsole ensures optimal grip on clay courts and enables quick changes of direction. Thanks to TRI-NRG cushioning technology, shocks are effectively absorbed to relieve stress on joints and muscles. Drift Defense technology reinforces the toe and side areas for added durability during intense matches. Your advantages at a glance: Wider fit, soft padding - for maximum comfort Clay court outsole - perfect grip and stability on clay courts TRI-NRG cushioning system - for optimal shock absorption and comfort With the Head Revolt Evo 2.0 clay court shoe men you can enjoy a comfortable, stable and protected running feeling - ideal for long matches on clay!",77.95 €,355,130.00 €,"38,5, 39, 40, 40,5, 41, 42, 42,5, 43, 44, 44,5, 45, 46, 46,5, 47, 48, 48,5",https://www.tennis-point.de/products/head-revolt-evo-20-sandplatzschuh-herren-dunkelblaulimette-00617501983000
Nike,Zoom GP Challenge 1,"blue, yellow","Speed ​​that dominates the sand Do you want to dictate the game on the clay court? Then you need a shoe that keeps up with your pace and gives you the control you need. The Zoom GP Challenge 1 was specially developed for quick changes of direction, explosive starts and maximum precision on sand. Thanks to Zoom Air technology, you experience noticeable responsiveness with every step - ideal for aggressive baseline players. The breathable upper material keeps your foot secure in the shoe, while the specially structured outsole ensures optimal grip on sand. Whether you prepare the point with a backhand slice or finish with a stop ball - this shoe gives you the freedom to vary your game while remaining stable. With comfort that goes beyond the first three sentences. Highlights at a glance Zoom Air cushioning - for responsive acceleration with every step Clay court outsole - guarantees optimal traction on clay and for slides Supportive upper material - ensures a secure grip during quick changes of direction",74.95 €,345,149.99 €,"38,5, 39, 40, 40,5, 41, 42, 42,5, 43, 44, 44,5, 45, 45,5, 46, 47, 47,5, 48,5, 49,5",https://www.tennis-point.de/products/nike-zoom-gp-challenge-1-sandplatzschuh-herren-blaugelb-00417118010000
Wilson,Rush Pro Ace,white,"Stability and comfort for clay courts The Wilson Rush Pro Ace clay court shoe offers tennis players maximum support, comfort and optimal traction on clay courts. With its specially developed herringbone outsole, it guarantees perfect grip and controlled slides, so you move quickly and safely across the court. R-DST® cushioning efficiently absorbs shock for a comfortable ride, while reinforced 4D Support Chassis™ technology provides additional stability and reduces unwanted foot movement. The breathable upper material keeps your feet pleasantly cool and dry even during intense matches. Highlights: Herringbone outsole for maximum grip on clay courts R-DST® cushioning for optimal shock absorption and comfort 4D Support Chassis™ technology for improved stability and control With the Wilson Rush Pro Ace clay court shoe you enjoy support, comfort and best performance - ideal for intensive matches on clay!",69.95 €,325,120.00 €,"40, 40 2/3, 41 1/3, 42, 42 2/3, 43 1/3, 44, 44 2/3, 45 1/3, 46, 46 2/3, 47 1/3, 48, 49 1/3",https://www.tennis-point.de/products/wilson-rush-pro-ace-sandplatzschuh-herren-weiss-00717502805000
HEAD,Revolt Pro 4.5,"dark blue, lime","Maximum stability and cushioning for clay courts The Head Revolt Pro 4.5 men's clay court shoe is the perfect choice for tennis players who require maximum stability, durability and cushioning on clay courts. Designed specifically for demanding matches, this shoe offers premium protection for quick changes of direction and intense movements. Thanks to T-KORE 360° technology, the shoe offers improved stability in the midfoot area as well as high durability. The Clay Court outsole provides excellent grip on clay courts, while Drift Defense technology provides reinforced toe and side areas for added protection. The EVA midsole with TRI-NRG technology ensures optimal cushioning to reduce stress on joints and muscles. Your advantages at a glance: T-KORE 360° technology - for maximum stability and longevity Clay Court outsole - perfect grip and control on clay courts TRI-NRG cushioning system - for excellent shock absorption and comfort With the Head Revolt Pro 4.5 clay court shoe men you are well equipped to dominate your game with stability and comfort on the clay court!",89.95 €,405,160.00 €,"40,5, 41, 42, 42,5, 43, 44, 44,5, 45, 46, 46,5, 47, 48, 48,5",https://www.tennis-point.de/products/head-revolt-pro-45-sandplatzschuh-herren-dunkelblaulimette-00617501975000
adidas,adizero Ubersonic 5,"black, silver","Experience agility and comfort on the clay court! With the adizero Ubersonic 5 Clay from adidas you are unbeatable on clay courts. The light material mix of textile and synthetic ensures breathability and comfort, while the clay court sole offers optimal grip. Ideal for players who value speed and flexibility on the pitch. Highlights: Lightweight and breathable design for long-lasting comfort. Specially developed sole for clay court performance. Ideal for dynamic players who want to dominate their opponents.",105.95 €,575,150.00 €,"40, 40 2/3, 41 1/3, 42, 42 2/3, 43 1/3, 44, 44 2/3, 45 1/3, 46, 46 2/3, 47 1/3, 48, 48 2/3, 49 1/3, 50",https://www.tennis-point.de/products/adidas-adizero-ubersonic-5-sandplatzschuh-herren-schwarz-silber-00517506373000
Nike,Zoom GP Challenge 1,"blue-grey, dark blue","Speed ​​that dominates the sand Do you want to dictate the game on the clay court? Then you need a shoe that keeps up with your pace and gives you the control you need. The Zoom GP Challenge 1 was specially developed for quick changes of direction, explosive starts and maximum precision on sand. Thanks to Zoom Air technology, you experience noticeable responsiveness with every step - ideal for aggressive baseline players. The breathable upper material keeps your foot secure in the shoe, while the specially structured outsole ensures optimal grip on sand. Whether you prepare the point with a backhand slice or finish with a stop ball - this shoe gives you the freedom to vary your game while remaining stable. With comfort that goes beyond the first three sentences. Highlights at a glance Zoom Air cushioning - for responsive acceleration with every step Clay court outsole - guarantees optimal traction on clay and for slides Supportive upper material - ensures a secure grip during quick changes of direction",109.95 €,595,150.00 €,"39, 40, 40,5, 41, 42, 42,5, 43, 44, 44,5, 45, 45,5, 46, 47, 47,5, 48,5, 49,5",https://www.tennis-point.de/products/nike-zoom-gp-challenge-1-sandplatzschuh-herren-blaugraudunkelblau-00417517848000
HEAD,Head Prestige Ltd.,"black, pink","Perfect for your game on clay The HEAD clay court shoe is not just a shoe, but an indispensable tool for every tennis lover. Designed to provide optimal performance on sandy surfaces, it features a special herringbone rubber compound that ensures an ideal combination of traction and glide. These features allow you to move effortlessly across the court while maintaining control of your movements. Aside from its technical sophistication, the HEAD Prestige Ltd. CLAY also features a high comfort breathable mesh upper, meaning the foot stays cool and dry, even during intense play under the scorching sun. With this shoe on your feet, you can push your limits and unleash your full potential on the clay court. The highlights of HEAD Prestige Ltd. CLAY High comfort mesh upper textile inner material rubber sole herringbone pattern for grip",62.95 €,295,120.00 €,"38,5, 39, 40, 40,5, 41, 42, 42,5, 43, 44, 44,5, 45, 46, 46,5, 47, 48,5",https://www.tennis-point.de/products/head-head-prestige-ltd-sandplatzschuh-herren-schwarzpink-00616201919000
Babolat,Propulse Fury 3,"orange, blue","Explosive stability for your clay court game The Babolat Propulse Fury 3 clay court shoe is made for powerful players who demand maximum stability, durability and support on the clay court. With its robust construction and precise fit, it ensures safety during quick changes of direction and intense matches. The special Michelin outsole with clay court tread offers optimal grip on clay and is particularly abrasion-resistant. The Power Belt system stabilizes the midfoot and heel, while the breathable upper with TPU reinforcements ensures durability and comfort. The integrated KPRS-X cushioning protects the joints during intensive movements and landings. Your advantages at a glance: Clay court profile with Michelin rubber for maximum support and durability Power Belt technology for excellent stability in the midfoot area KPRS-X cushioning system for optimal impact protection With the Babolat Propulse Fury 3 clay court shoe you are ready for powerful tennis with full control - stable, safe and made for top performance on clay.",96.95 €,535,150.00 €,"40, 40,5, 41, 42, 42,5, 43, 44, 44,5, 45, 46, 46,5, 47, 48, 49",https://www.tennis-point.de/products/babolat-propulse-fury-3-sandplatzschuh-herren-orangeblau-00917502562000
HEAD,Sprint Team 4.0,"dark blue, lime","Lightness and stability for the clay court The HEAD Sprint Team 4.0 clay court shoe is the ideal choice for tennis players who value speed, comfort and stability. The lightweight mesh upper provides optimal breathability, while the EVA midsole provides comfortable cushioning and a responsive ride. The specially developed herringbone outsole offers perfect grip on clay courts and enables controlled sliding and quick changes of direction. Thanks to the reinforced toe cap, the shoe is particularly durable and long-lasting - ideal for intensive matches and long training sessions. Highlights: Light mesh upper material for breathability and high wearing comfort EVA midsole for optimal cushioning and dynamics Herringbone outsole for maximum grip on clay courts With the HEAD Sprint Team 4.0 clay court shoe you stay fast, agile and always well equipped for your next match on clay!",58.95 €,280,110.00 €,"38,5, 39, 40, 40,5, 41, 42, 42,5, 43, 44, 44,5, 45, 46, 46,5, 47, 48, 48,5",https://www.tennis-point.de/products/head-sprint-team-40-sandplatzschuh-herren-dunkelblaulimette-00617501988000
Diadora,B.Icon 3,"white, dark blue","Dynamic clay court shoe for maximum performance The Diadora B.Icon 3 clay court shoe men was developed for tennis players who need maximum stability, cushioning and traction on clay courts. The specially adapted clay court outsole offers optimal grip and enables quick changes of direction on the court. Thanks to DD Anima cushioning technology, the shoe provides excellent energy return and springy comfort with every step. The durable and breathable upper keeps your feet cool, while reinforced heel and toe areas provide additional protection and support. Your advantages at a glance: Clay court outsole - for optimal support and stability on clay courts DD Anima cushioning - for responsive comfort and reduced stress Breathable, durable upper material - for long-lasting comfort With the Diadora B.Icon 3 clay court shoe men you are well equipped to take your game on clay courts to the next level!",86.95 €,395,165.00 €,"39, 40, 40,5, 41, 42, 42,5, 43, 44, 44,5, 45, 45,5, 46, 47, 47,5, 48, 49",https://www.tennis-point.de/products/diadora-bicon-3-sandplatzschuh-herren-weissdunkelblau-11717500364000
Babolat,Jet Mach 3,"dark blue, white","Lightness and precision for the clay court The Babolat Jet Mach 3 clay court shoe for men is the ideal companion for players looking for speed, stability and comfort on clay courts. This shoe is specifically designed for dynamic movements and intense matches to keep you one step ahead. The lightweight Matryx® upper with incorporated Kevlar fibers ensures maximum ventilation while providing excellent support. The Michelin outsole guarantees optimal grip and high durability on clay courts, while the KPRS-X cushioning protects your joints during fast movements and ensures a comfortable running experience. Highlights at a glance: Matryx® upper material: Light, breathable and stable. Michelin outsole: Excellent grip and long durability on sand. KPRS-X cushioning: protects the joints and offers maximum comfort. Bring speed and control to the clay court with the Babolat Jet Mach 3 clay court shoe for men - light, stable and ready for every match!",79.95 €,365,155.00 €,"40, 40,5, 41, 42, 42,5, 43, 44, 44,5, 45, 46, 46,5, 47, 48, 49",https://www.tennis-point.de/products/babolat-jet-mach-3-sandplatzschuh-herren-dunkelblauweiss-00917502560000
ASICS,Game FF / OC,black-and-white,"For clay court specialists – control and comfort in one! The Game FF Clay from ASICS combines advanced technology with a robust design. The synthetic leather ensures stability and a precise fit, while the clay court sole provides unparalleled grip. Perfect for players who want to perform at their best on clay. Highlights: Clay court sole for stability and maximum traction. Synthetic leather for durability and comfort. Ideal for precise and dynamic play on sand.",58.95 €,280,90.00 €,"40, 40,5, 41,5, 42, 42,5, 43,5, 44, 44,5, 45, 46, 46,5, 47, 48, 49",https://www.tennis-point.de/products/asics-game-ff-oc-sandplatzschuh-herren-schwarz-weiss-02017106694000
adidas,Barricade 13,"black, lime","Performance and design in one shoe With this adidas Barricade 13 you impress with quick-witted performance on the pitch. The torsion system guarantees optimized freedom of movement from rear to forefoot and the asymmetrical lacing guarantees a secure fit and stability during quick changes of direction and slides. Thanks to the REPETITOR+ midsole, you not only benefit from reliable support, but also from dynamic rolling behavior. The Geofit Sensepods also adapt to the natural shape of your heel, ensuring support and comfort until the last minute of play. This product is made with at least 20% recycled materials. The highlights of the Barricade 13 by adidas Regular fit Asymmetrical lacing Breathable mesh upper Geofit Sensepods REPETITOR+ midsole Torsion system for optimized freedom of movement from back to forefoot Adiwear outsole with Adituff toe area Made from at least 20% recycled materials",97.95 €,540,150.00 €,"40, 40 2/3, 41 1/3, 42, 42 2/3, 43 1/3, 44, 44 2/3, 45 1/3, 46, 46 2/3, 47 1/3, 48, 48 2/3, 49 1/3, 50",https://www.tennis-point.de/products/adidas-barricade-13-sandplatzschuh-herren-schwarz-limette-00517506376000
Nike,GP Challenge 1 PRM,"dark blue, cream","Highest performance on clay The Nike GP Challenge 1 PRM is your reliable partner for intensive matches on the clay court. With its specially developed outsole for clay courts, it offers optimal grip and controlled sliding - perfect for quick changes of direction and aggressive plays. The reinforced midfoot area ensures high stability, while the breathable upper material ensures a pleasant foot climate even during long games. Its modern, sporty design also makes the shoe a real eye-catcher on the court. Highlights: Special clay court sole: Excellent grip and slip control Lateral stability: For safe movements in every game situation Breathable upper material: High wearing comfort in heat and stress Get control, comfort and style - with the Nike GP Challenge 1 PRM.",75.95 €,350,159.99 €,"40, 40,5, 41, 42, 42,5, 43, 44, 44,5, 45, 45,5, 46, 47, 47,5, 48,5",https://www.tennis-point.de/products/nike-gp-challenge-1-prm-sandplatzschuh-herren-dunkelblaucreme-00417017941000
K-Swiss,Hypercourt Express 2,"light gray, dark blue","A classic with more power The Hypercourt Express 2 from K-Swiss is inspired by the original classic tennis shoe, but equipped with the latest materials and technologies for the right support and added comfort. The shoe has a regular fit and features a synthetic and mesh upper that offers a pleasant combination of lightweight comfort and support. In addition, the water-repellent effect of the upper material ensures that the shoe does not become heavy and the foot stays dry. The mesh tongue and mesh inserts in the upper ensure high breathability and excellent ventilation and keep feet cool and dry. The Surgelite midsole provides maximum shock absorption and added durability. The midsole also features the 'GuideGlide' construction and guarantees a comfortable and stable gait. The Ortholite insert also offers light cushioning. The entire handle coating reduces wear. DuraWrap and DragGuard in the outsole provide an additional layer of protection at key shoe support points. The highlights of the K-Swiss Hypercourt Express 2 Upper material Synthetic leather Textile lining on the shaft edge Molded rubber outsole CMEVA midsole Ortholite insole Lacing",99.95 €,545,139.99 €,"41, 41,5, 42, 42,5, 43, 44, 44,5, 45, 46, 47, 49",https://www.tennis-point.de/products/k-swiss-hypercourt-express-2-sandplatzschuh-herren-hellgraudunkelblau-01417502438000
Mizuno,Wave Exceed Court,"gray, white","Dominance Begins on the Ground Ready to redefine your game on clay? This high-performance shoe was developed for players who make no compromises - neither when it comes to stability nor when it comes to power. With every movement you feel how the shoe supports you: whether explosive sprints to the line or lightning-fast changes of direction - you stay in balance while your opponent starts to slide. The combination of cushioning and grip gives you decisive advantages in long rallies. Thanks to the innovative sole construction, the shoe offers optimal grip on sand and enables flowing movements with maximum control. Breathable materials also ensure a fresh feeling – match after match. Rely on performance to carry you when it matters most. Highlights at a glance Optimized outsole for clay courts - perfect grip for slides and stops Wave technology - ensures reactive cushioning and stability with every step Breathable upper material - keeps your feet pleasantly cool, even during intense matches",69.95 €,325,125.00 €,"39, 40, 40,5, 41, 42, 42,5, 43, 44, 44,5, 45, 46, 47",https://www.tennis-point.de/products/mizuno-wave-exceed-court-sandplatzschuh-herren-grauweiss-07217101132000
Babolat,Propulse Fury 3,"gray, white","Maximum control and stability on clay The Babolat Propulse Fury 3 clay court shoe for men offers you the perfect combination of support, comfort and performance. Specially developed for use on clay courts, this shoe guarantees optimal stability and grip, even during quick changes of direction and intense matches. The Michelin outsole ensures excellent grip and a long service life. Thanks to the integrated Powerbelt technology, your foot receives additional support, while the breathable upper material creates a pleasant foot climate. The KPRS-X cushioning protects your joints and ensures maximum comfort, even during longer periods on the pitch. Highlights at a glance: Especially for clay courts: Michelin sole for optimal grip and stability. Powerbelt technology: Additional support and lateral stability. KPRS-X cushioning: protection of the joints and long-lasting comfort. Dominate the clay court with the Babolat Propulse Fury 3 clay court shoe for men - stable, comfortable and powerful!",96.95 €,535,150.00 €,"40, 40,5, 41, 42, 42,5, 43, 44, 44,5, 45, 46, 46,5, 47",https://www.tennis-point.de/products/babolat-propulse-fury-3-sandplatzschuh-herren-grauweiss-00917502586000
HEAD,Prestige Ltd.,"blue, white","Perfect for your game on clay The HEAD clay court shoe is not just a shoe, but an indispensable tool for every tennis lover. Designed to provide optimal performance on sandy surfaces, it features a special herringbone rubber compound that ensures an ideal combination of traction and glide. These features allow you to move effortlessly across the court while maintaining control of your movements. Aside from its technical sophistication, the HEAD Prestige Ltd. Clay also has a high comfort breathable synthetic upper, meaning the foot stays cool and dry, even during intense play under the scorching sun. With this shoe on your feet, you can push your limits and unleash your full potential on the clay court. The highlights of HEAD Prestige Ltd. Clay High comfort synthetic upper mesh inner material rubber sole herringbone pattern for grip",62.95 €,295,120.00 €,"38,5, 39, 40, 40,5, 41, 42, 42,5, 43, 44, 44,5, 45, 46, 46,5, 47, 48,5",https://www.tennis-point.de/products/head-prestige-ltd-sandplatzschuh-herren-blauweiss-00616001872000
Babolat,Jet Mach 3,"light blue, blue","Perfect for your game on clay The Babolat clay court shoe is not just a shoe, but an indispensable tool for every tennis lover. Designed to provide optimal performance on sandy surfaces, it features a special herringbone rubber compound that ensures an ideal combination of traction and glide. These features allow you to move effortlessly across the court while maintaining control of your movements. Aside from its technical sophistication, the Babolat Jet Mach 3 CLAY also offers high comfort breathable mesh, synthetic upper, meaning the foot stays cool and dry, even during intense play under the scorching sun. With this shoe on your feet, you can push your limits and unleash your full potential on the clay court. The highlights of the Babolat Jet Mach 3 CLAY High comfort Mesh, synthetic upper textile inner material rubber sole herringbone pattern for grip",56.95 €,270,155.00 €,"40, 40,5, 41, 42, 42,5, 43, 44, 44,5, 45, 46, 46,5, 47, 48, 49",https://www.tennis-point.de/products/babolat-jet-mach-3-sandplatzschuh-herren-hellblaublau-00916202351000
Lotto,Raptor Hyperpulse 100 III,"dark blue, beige","Power, stability and comfort for your clay court game The Lotto Raptor Hyperpulse 100 III clay court shoe was developed for ambitious tennis players who expect the highest performance on clay courts. With its robust construction, innovative cushioning technology and excellent traction, this shoe has everything you need for explosive movements and long matches. The breathable upper with reinforced zones ensures stability and durability, while the special Hyperpulse technology in the midsole ensures optimal energy return and shock absorption. The specially profiled clay court outsole offers ideal grip on clay and enables controlled sliding and secure footing when changing direction quickly. Your advantages at a glance: Hyperpulse cushioning for a dynamic running feeling and joint protection Clay court profile sole for excellent grip and controlled gliding Reinforced upper material for high stability and durability With the Lotto Raptor Hyperpulse 100 III clay court shoe you play powerfully, controlled and comfortably - ready for your best tennis on clay.",109.95 €,595,169.99 €,"40, 40,5, 41, 42, 42,5, 43, 43,5, 44, 45, 45,5, 46, 47, 48, 48,5",https://www.tennis-point.de/products/lotto-raptor-hyperpulse-100-iii-sandplatzschuh-herren-dunkelblau-beige-02417101793000
K-Swiss,Hypercourt Supreme 2,"white, green","Maximum power for your clay court game Do you want to impress with speed and control on the clay court? Then the K-Swiss Hypercourt Supreme 2 is exactly your shoe. The Hypercourt series from K-Swiss stands for explosive movements, sporty dynamics and uncompromising comfort - developed for players who put pressure on every point. The Hypercourt Supreme 2 combines all of this in an advanced, modern design with an optimized fit and improved responsiveness. Thanks to the outsole specially designed for clay courts, you can enjoy the best possible traction and stability - no matter how fast your sprints and slides are. Cushioning technology keeps you feeling fresh and responsive even during long matches. With the K-Swiss Hypercourt Supreme 2 you dominate the game from the baseline to the net - with style, comfort and full control. Highlights at a glance Pure clay court performance - specially profiled outsole for optimal grip during quick changes of direction Maximum energy return - responsive cushioning for explosive movements Sporty comfort - breathable materials and perfect fit for hours of comfort",104.95 €,570,169.99 €,"41, 41,5, 42, 42,5, 43, 44, 44,5, 45, 46, 47, 49",https://www.tennis-point.de/products/k-swiss-hypercourt-supreme-2-sandplatzschuh-herren-weissgruen-01417102466000
Nike,Zoom Vapor Pro 3,"apricot, white","Speed ​​and stability - the ideal clay court shoe for demanding players. The clay court shoe for men was developed to offer maximum performance on clay courts. With its modern design and innovative technologies, it supports dynamic movements and ensures optimal comfort so that you have the upper hand in every rally. The lightweight construction with a responsive midsole ensures excellent cushioning and energy return. The specially profiled clay court outsole offers excellent grip and stability, even when changing direction quickly. The breathable mesh upper ensures a pleasant foot climate and prevents overheating, even during intense matches. Thanks to its elegant design and sophisticated functionality, this shoe is the perfect companion for players who want to combine speed, precision and comfort. Highlights: Responsive midsole for optimal cushioning and dynamics Special clay court outsole for maximum grip and stability Breathable mesh upper for long-lasting comfort and ventilation With this clay court shoe you can take your game to a new level - for confident performance in every match!",99.95 €,545,129.99 €,"40, 40,5, 41, 42, 42,5, 43, 44, 44,5, 45, 45,5, 46, 47, 47,5, 48,5, 49,5",https://www.tennis-point.de/products/nike-zoom-vapor-pro-3-sandplatzschuh-herren-apricot-weiss-00417017940000
Diadora,B.Icon 2,"petrol, red","Perfect for your game on clay The Diadora clay court shoe is not just a shoe, but an indispensable tool for every tennis lover. Designed to provide optimal performance on sandy surfaces, it features a special herringbone rubber compound that ensures an ideal combination of traction and glide. These features allow you to move effortlessly across the court while maintaining control of your movements. Aside from its technical sophistication, the Diadora B.Icon 2 CLY also offers high comfort breathable TPU, Polyurethane (PU), Polyester upper, meaning the foot stays cool and dry, even during intense play under the scorching sun. With this shoe on your feet, you can push your limits and unleash your full potential on the clay court. The highlights of the Diadora B.Icon 2 CLY High comfort TPU, polyurethane (PU), polyester upper material polyester inner material rubber sole herringbone pattern for grip",102.95 €,560,165.00 €,"40,5, 41, 42, 42,5, 43, 44, 44,5, 45, 45,5, 46, 47, 47,5, 48, 49",https://www.tennis-point.de/products/diadora-bicon-2-sandplatzschuh-herren-petrolrot-11716600341000
HEAD,Sprint Team 4.0,"dark blue, red","Lightweight and flexible clay court shoe for fast movements The Head Sprint Team 4.0 men's clay court shoe is the ideal choice for tennis players who value speed, comfort and breathability on clay courts. Thanks to the light and flexible upper material, this shoe offers a comfortable fit and supports quick changes of direction on the court. The specially developed Clay Court outsole provides excellent grip on clay courts and allows optimal mobility. Drift Defense technology reinforces the toe and side areas for added protection and increased durability. In addition, the EVA midsole ensures comfortable cushioning to reduce the strain on joints and muscles. Your advantages at a glance: Lightweight and breathable upper material - for optimal comfort Clay Court outsole - perfect grip and stability on sand Drift Defense technology - reinforced toe and side areas for more durability With the Head Sprint Team 4.0 clay court shoe men you are well equipped to dominate with speed and precision on the clay court!",64.95 €,305,110.00 €,"38,5, 39, 40, 40,5, 41, 42, 42,5, 43, 44, 44,5, 45, 46, 46,5, 47, 48, 48,5",https://www.tennis-point.de/products/head-sprint-team-40-sandplatzschuh-herren-dunkelblaurot-00617501985000
Lotto,Mirage 100 II,"white, gray","Perfect for your game on clay The Lotto clay court shoe is not just a shoe, but an indispensable tool for every tennis lover. Designed to provide optimal performance on sandy surfaces, it features a special herringbone rubber compound that ensures an ideal combination of traction and glide. These features allow you to move effortlessly across the court while maintaining control of your movements. Aside from its technical sophistication, the Lotto Mirage 100 II CLAY also offers high comfort with a breathable polyester, mesh upper, meaning the foot stays cool and dry, even during intense play under the scorching sun. With this shoe on your feet, you can push your limits and unleash your full potential on the clay court. The highlights of the Lotto Mirage 100 II CLAY High comfort Polyester, mesh upper synthetic inner material rubber sole herringbone pattern for grip",98.95 €,545,160.00 €,"39, 40, 40,5, 41, 42, 42,5, 43, 43,5, 44, 45, 45,5, 46, 47, 48, 48,5",https://www.tennis-point.de/products/lotto-mirage-100-ii-sandplatzschuh-herren-weissgrau-02416201657000
adidas,Solematch Control 2,black-and-white,"Stability and control for your clay court game The adidas Solematch Control 2 clay court shoe for men is designed to give you maximum control, stability and comfort on the tennis court. Ideal for ambitious players who want to impress on the clay court with precise movements and reliable grip. The non-slip outsole with a special clay court profile ensures optimal grip when changing direction quickly. The robust upper material offers you lateral support, while the cushioning midsole protects your joints and feels comfortable to wear - even during long matches. Additional reinforced zones increase the longevity of the shoe during intensive use. Your advantages at a glance: Special clay court outsole for optimal grip on clay courts Stabilizing upper material for secure lateral support Comfortable cushioning for joint-gentle play With the adidas Solematch Control 2 clay court shoe you can take your game to the next level - stable, controlled and ready for the next rally.",89.95 €,405,130.00 €,"40, 40 2/3, 41 1/3, 42, 42 2/3, 43 1/3, 44, 44 2/3, 45 1/3, 46, 46 2/3, 47 1/3, 48, 48 2/3, 49 1/3, 50, 51 1/3",https://www.tennis-point.de/products/adidas-solematch-control-2-sandplatzschuh-herren-schwarz-weiss-00516806181000
K-Swiss,Hypercourt Express 2 HB,"white, red","A classic with more power The Hypercourt Express 2 from K-Swiss is inspired by the original classic tennis shoe, but equipped with the latest materials and technologies for the right support and added comfort. The shoe has a regular fit and features a synthetic and mesh upper that offers a pleasant combination of lightweight comfort and support. In addition, the water-repellent effect of the upper material ensures that the shoe does not become heavy and the foot stays dry. The mesh tongue and mesh inserts in the upper ensure high breathability and excellent ventilation and keep feet cool and dry. The Surgelite midsole provides maximum shock absorption and added durability. The midsole also features the 'GuideGlide' construction and guarantees a comfortable and stable gait. The Ortholite insert also offers light cushioning. The entire handle coating reduces wear. DuraWrap and DragGuard in the outsole provide an additional layer of protection at key shoe support points. The highlights of the K-Swiss Hypercourt Express 2 Upper material Synthetic leather Textile lining on the shaft edge Molded rubber outsole CMEVA midsole Ortholite insole Lacing",89.95 €,405,149.99 €,"41, 41,5, 42, 42,5, 43, 44, 44,5, 45, 46, 47, 49",https://www.tennis-point.de/products/k-swiss-hypercourt-express-2-hb-sandplatzschuh-herren-weissrot-01416802401000
adidas,Defiant Speed 2,"dark blue, light blue","Lightness and control for your game on clay The adidas Defiant Speed ​​2 clay court shoe impresses with a lightweight, responsive design that is specially developed for fast movements on clay courts. Whether sprinting to the baseline or making explosive changes of direction, this shoe offers you reliable grip and a direct feel so you can develop your full potential on the court. The breathable upper material conforms comfortably to your foot and provides a light, supportive feel. The midsole with comfortable cushioning reduces the strain during intensive movements and at the same time offers you the energy you need for your game. The profiled outsole is designed for optimal traction and stability on sand. Your advantages at a glance: Lightweight, breathable upper material for high wearing comfort Cushioning midsole for reactive movements and impact protection Special clay court outsole for reliable grip and stability With the adidas Defiant Speed ​​2 clay court shoe you play fast, controlled and safe - ideal for your next match on clay.",42.95 €,230,120.00 €,"40, 40 2/3, 41 1/3, 42, 42 2/3, 43 1/3, 44, 44 2/3, 45 1/3, 46, 46 2/3, 47 1/3, 48, 48 2/3, 49 1/3, 50, 51 1/3",https://www.tennis-point.de/products/adidas-defiant-speed-2-sandplatzschuh-herren-dunkelblau-hellblau-00516806183000
Nike,Zoom GP Challenge Pro,"dark blue, blue","Game. Complete. Victory. Take victory with the brand new GP Challenge Pro. It's designed for sprints to the baseline and daring sprints to the net. It offers the speed and stability you need to give your best in the game. It features our groundbreaking Claybreaker technology, making it perfect for sliding and sprinting on the red sand. Clay Court Ready Nike Claybreaker technology provides improved traction and reduced sand buildup on clay courts. The additional grip in the forefoot and midfoot areas provides control when sliding with a wide traction pattern. We used traction maps, pressure maps and analyzed sand buildup areas for design. Then we tested it on red clay courts in Europe under different clay court conditions (cold, warm, wet and dry). Quick changes of direction A strong plastic plate in the midfoot area combined with a wide base ensures stability during quick cuts and sudden changes of direction. The synthetic leather on the outside offers you a secure hold during lateral movements. Unrestricted freedom of movement Additional rubber in the toe area, especially on the side of the big toe, provides additional durability where needed. Abrasion-resistant rubber along the outsole provides added durability and traction. Zoom, Zoom The Air Zoom element in the heel area provides support and the Air Zoom element in the forefoot area ensures a springy appearance. More Details Designed to be worn on clay and padel courts. Cushioned insole",86.95 €,395,110.00 €,"39, 40, 40,5, 41, 42, 42,5, 43, 44, 44,5, 45, 45,5, 46, 47, 47,5, 48,5, 49,5",https://www.tennis-point.de/products/nike-zoom-gp-challenge-pro-sandplatzschuh-herren-dunkelblaublau-00417517846000
Babolat,Jet Mach 3,"white, gray","Lightness and precision for the clay court The Babolat Jet Mach 3 clay court shoe for men is the ideal companion for players looking for speed, stability and comfort on clay courts. This shoe is specifically designed for dynamic movements and intense matches to keep you one step ahead. The lightweight Matryx® upper with incorporated Kevlar fibers ensures maximum ventilation while providing excellent support. The Michelin outsole guarantees optimal grip and high durability on clay courts, while the KPRS-X cushioning protects your joints during fast movements and ensures a comfortable running experience. Highlights at a glance: Matryx® upper material: Light, breathable and stable. Michelin outsole: Excellent grip and long durability on sand. KPRS-X cushioning: protects the joints and offers maximum comfort. Bring speed and control to the clay court with the Babolat Jet Mach 3 clay court shoe for men - light, stable and ready for every match!",79.95 €,365,155.00 €,"40, 40,5, 41, 42, 42,5, 43, 44, 44,5, 45, 46, 46,5, 47, 48, 49",https://www.tennis-point.de/products/babolat-jet-mach-3-sandplatzschuh-herren-weissgrau-00917502559000
Mizuno,Wave Enforce Court,"white, black","Dominance Begins on the Ground Ready to redefine your game on clay? This high-performance shoe was developed for players who make no compromises - neither when it comes to stability nor when it comes to power. With every movement you feel how the shoe supports you: whether explosive sprints to the line or lightning-fast changes of direction - you stay in balance while your opponent starts to slide. The combination of cushioning and grip gives you decisive advantages in long rallies. Thanks to the innovative sole construction, the shoe offers optimal grip on sand and enables flowing movements with maximum control. Breathable materials also ensure a fresh feeling – match after match. Rely on performance to carry you when it matters most. Highlights at a glance Optimized outsole for clay courts - perfect grip for slides and stops Wave technology - ensures reactive cushioning and stability with every step Breathable upper material - keeps your feet pleasantly cool, even during intense matches",87.95 €,395,110.00 €,"40,5, 41, 42, 42,5, 43, 44, 44,5, 45, 46, 47, 48,5",https://www.tennis-point.de/products/mizuno-wave-enforce-court-sandplatzschuh-herren-weissschwarz-07217501119000
ASICS,Solution Swift FF 2,"white, dark blue","Perfect for your game on clay The ASICS Solution Swift FF 2 Clay is not just a shoe, but an indispensable tool for every tennis lover. Designed to provide optimal performance on sandy surfaces, it features a special herringbone rubber compound that ensures an ideal combination of traction and glide. These features allow you to move effortlessly across the court while maintaining control of your movements. Aside from its technical sophistication, the Solution Swift FF 2 Clay also features a breathable upper, meaning the foot stays cool and dry, even during intense play under the scorching sun. With this shoe on your feet, you can push your limits and unleash your full potential on the clay court. The highlights of the ASICS Solution Swift FF 2 Clay High comfort Upper material Inner material Sole Herringbone pattern for grip",77.95 €,355,120.00 €,"40, 40,5, 41,5, 42, 42,5, 43,5, 44, 44,5, 45, 46, 46,5, 47, 48, 49, 50,5",https://www.tennis-point.de/products/asics-solution-swift-ff-2-sandplatzschuh-herren-weissdunkelblau-02017106689000
Diadora,Blushield Torneo 3,"dark blue, white","Maximum stability and comfort for clay court players The Diadora Blushield Torneo 3 men's clay court shoe was specially developed for tennis players who need maximum stability, traction and cushioning on clay courts. The specially designed clay court outsole provides excellent grip and enables fast, safe movements on the clay. Thanks to the innovative Blushield technology, the shoe effectively absorbs shock and supports natural foot movement, relieving your joints and increasing your playing comfort. The robust and breathable upper ensures optimal ventilation and durability, while reinforced areas in the toe and heel areas provide additional protection. Your advantages at a glance: Blushield technology - optimal cushioning and stability for long matches Clay court outsole - maximum grip and maneuverability on sand Breathable, durable upper material - for long-lasting comfort With the Diadora Blushield Torneo 3 clay court shoe men you enjoy maximum comfort, stability and control on the clay court - perfect for demanding tennis games!",81.95 €,375,155.00 €,"39, 40, 40,5, 41, 42, 42,5, 43, 44, 44,5, 45, 45,5, 46, 47, 47,5, 48, 49",https://www.tennis-point.de/products/diadora-blushield-torneo-3-sandplatzschuh-herren-dunkelblauweiss-11717500365000
HEAD,Endure Pro BOA,"white, yellow","Precision meets performance Ready for your next match on clay? The ENDURE PRO BOA CLAY MEN from Head takes you to a new level of play with innovative technology and maximum control. Developed in the BOA laboratories and tested directly on the court, this clay court shoe combines speed, stability and long-lasting comfort. With the BOA PerformFit Wrap and the Dual Li2 closure system, you achieve a micro-adjustable fit that adapts precisely to your foot - more stable than traditional lacing. The new CORE-FRAME 3D TPU frame with integrated cooling system provides targeted support from the back to the forefoot, while the dual midsole construction with DynaFoam and EVA delivers the perfect balance between cushioning and response. The PU molded upper provides protection when sliding while saving weight - ideal for your dynamic game. The continuous herringbone profile and the non-marking Hybrasion+ rubber ensure maximum grip on the clay court. With its slim silhouette and striking HEAD branding, you also make a clear visual statement. Highlights at a glance BOA Dual Li2 system - for a precise, micro-adjustable fixation with maximum stability CORE-FRAME technology - 3D TPU frame for targeted torsional stability and integrated ventilation Hybrasion+ outsole - specially developed for clay courts, durable and with perfect grip",143.95 €,750,220.00 €,"42, 42,5, 43, 44, 44,5, 45, 46, 46,5, 47, 48, 48,5",https://www.tennis-point.de/products/head-endure-pro-boa-sandplatzschuh-herren-weissgelb-00617002019000
adidas,Defiant Speed,black-and-white,"A lightweight tennis shoe with recycled content When you set goals, do you want to achieve them in record time? With this adidas tennis shoe, the next victory is within your grasp. The combination of a lightweight mesh upper and an Adiwear outsole optimized for clay courts ensure lightning-fast action on the court. And if your opponent is hoping for a surprise moment, you benefit from optimal support for powerful counterattacks thanks to the metatarsal support. Thanks to the flexible Bounce midsole, you can master every sprint and slide.",54.95 €,285,110.00 €,"40, 40 2/3, 41 1/3, 42, 42 2/3, 43 1/3, 44, 44 2/3, 45 1/3, 46, 46 2/3, 47 1/3, 48, 48 2/3",https://www.tennis-point.de/products/adidas-defiant-speed-sandplatzschuh-herren-schwarz-weiss-00516706141000
On,The Roger Pro 2,"white, black","Maximum performance and precision for the clay court The On The Roger Pro 2 clay court shoe men, developed in collaboration with Roger Federer, is the perfect choice for demanding tennis players who are looking for absolute control and dynamism on clay courts. This high-quality shoe combines the latest technology with a stylish design that will impress you on and off the court. Speedboard® technology ensures efficient power transfer and explosive agility, while the specially developed clay court outsole provides excellent grip and stability during quick changes of direction. The breathable upper material keeps your feet pleasantly cool and dry even during long matches. At the same time, the precise fit guarantees secure support and comfort in every playing situation. This shoe offers the ideal blend of performance, stability and sophistication - perfect for players looking for clay court dominance. Highlights: Speedboard® technology: Supports powerful movements and dynamic acceleration. Clay court outsole: Optimal support and stability for fast, precise play. Breathable upper: Lightweight and comfortable for lasting freshness. The On The Roger Pro 2 men's clay court shoe is your reliable partner for top performance on clay - for players who don't make compromises.",159.95 €,825,209.95 €,"40, 40,5, 41, 42, 42,5, 43, 44, 44,5, 45, 46, 47, 47,5, 48, 49",https://www.tennis-point.de/products/on-the-roger-pro-2-sandplatzschuh-herren-weissschwarz-19416600046000
Nike,Zoom Vapor 12,"orange, silver","Start faster and finish stronger You want more control on every surface. The Nike Vapor 12 clay court shoe gives you speed grip and stability for explosive starts and clean stops. Developed from the Vapor series, it stands for direct power transmission and a precise court feeling. The lightweight upper material hugs your foot and remains breathable even when things get intense. The midsole provides reactive feedback, while the outsole is optimized for clay courts. This way you stay agile, safe and always ready for the next point. Highlights Direct court feeling Vapor series for precise proximity to the ground and quick reactions Reactive acceleration Cushioning with noticeable rebound effect for changes of pace Allcourt grip profile for reliable grip on various surfaces Get the Nike Vapor 12 now and secure the decisive advantage on the court.",132.95 €,700,170.00 €,"38,5, 39, 40, 40,5, 41, 42, 42,5, 43, 44, 44,5, 45, 45,5, 46, 47, 47,5, 48,5, 49,5",https://www.tennis-point.de/products/nike-zoom-vapor-12-sandplatzschuh-herren-orangesilber-00417118032000
Mizuno,Break Shot 5,"gray, white","Get your moves safe on the sand Are you looking for an entry-level shoe that won't slow you down? This clay court shoe is made for dynamic matches and ambitious players. It offers you the perfect balance of comfort, stability and traction - ideal for your next break on the court. With its grippy sole specially designed for clay courts, you stay in control with every slide. The lightweight construction supports you during quick movements without losing grip. Thanks to the breathable materials, you stay fresh and focused even in long matches. Whether serving, on defense or on the way to the net - this shoe reliably accompanies you through every game situation. Highlights at a glance Clay court-specific outsole – guarantees a secure grip when changing direction quickly Feather-light construction – reduces fatigue and ensures more agility Breathable mesh upper – keeps your feet pleasantly dry",51.95 €,270,80.00 €,"40,5, 41, 42, 42,5, 43, 44, 44,5, 45, 46, 47",https://www.tennis-point.de/products/mizuno-break-shot-5-sandplatzschuh-herren-grauweiss-07217101136000
HEAD,Endure Pro,"yellow, white","“Winners endure” is written on the tongue of the ENDURE PRO CLAY MEN: With its perfect balance of speed, durability and stability, this innovative premium shoe won't let you down on the court. It is part of the new ENDURE series, which bridges the gap between REVOLT and SPRINT and combines the best of both worlds. With its slim silhouette, the shoe looks and feels fast. Thanks to its secure fit, you can effortlessly switch from baseline play to all-court play. The new CORE-FRAME technology with a 3D TPU frame ensures stability from heel to toe, including excellent torsional stability, and reacts specifically where it is needed. An integrated cooling system in the frame improves ventilation. In the dual midfoot construction, DynaFoam in the heel provides excellent shock absorption, while the EVA in the forefoot is particularly reactive. For optimal flexibility and durability, the shoe features a PU molded upper that is reinforced in some areas for protection when sliding, while other zones have been reduced in material to minimize weight. The ENDURE PRO CLAY MEN is offered with a medium-width fit that optimally balances comfort and support. The continuous sock construction increases comfort. The outsole has a full-length herringbone tread pattern specifically designed for clay courts and is made from HEAD's non-marking Hybrasion+ rubber for excellent grip and durability. HEAD branding on the side of the shoe completes the sleek, modern look. • Part of the new ENDURE Silo series, bridging the gap between REVOLT and SPRINT • KPU upper for optimal flexibility and durability, with reinforced zones where needed • Medial collar lace protection to prevent lace damage • Medium fit with balanced comfort and support • PU molded upper for optimal flexibility and durability, with reinforced zones • Dual midsole construction with DynaFoam in the heel for better Shock absorption and reactive EVA in the forefoot • New CORE-FRAME technology for stability from heel to toe • Integrated cooling system in the CORE-FRAME TPU frame • Continuous herringbone profile specifically for clay courts • Outsole made from HEAD's Hybrasion+ non-marking rubber for optimal grip and durability • Sleek, modern style with HEAD branding on the side Facts Upper Engineered PU molded chassis Sock Delta construction Strap lacing 3D-TPU frame midsole close to the ground Minimal drop Three different EVA densities Ventilated 3D foot shaft with optimal torsional stiffness Outsole",116.95 €,625,180.00 €,"42, 42,5, 43, 44, 44,5, 45, 46, 46,5, 47, 48, 48,5",https://www.tennis-point.de/products/head-endure-pro-sandplatzschuh-herren-gelbweiss-00617002020000
Lacoste,AG-LT LITE,"pink, dark blue","Lightweight and dynamic clay court shoe for maximum performance The Lacoste AG-LT LITE clay court shoe for men is the perfect choice for tennis players who need maximum speed, stability and traction on clay courts. With its super light and breathable mesh upper, this shoe offers optimal comfort and keeps your feet pleasantly cool even during intense matches. The specially developed clay court outsole provides excellent grip and enables quick changes of direction. Thanks to the Pebax® plate, power transmission is optimized and your performance on the pitch is improved. The EVA midsole ensures responsive cushioning, while the reinforced toe cap provides additional protection. Your advantages at a glance: Super light, breathable mesh upper - for high wearing comfort Specially developed clay court outsole - perfect grip and stability Pebax® plate, EVA cushioning - for maximum energy transfer and comfort With the Lacoste AG-LT LITE clay court shoe men you play with speed, stability and lightness - perfect for demanding matches on clay!",111.95 €,605,170.00 €,"40, 40,5, 41, 42, 42,5, 43, 44, 44,5, 45, 46, 46,5, 47",https://www.tennis-point.de/products/lacoste-ag-lt-lite-sandplatzschuh-herren-pinkdunkelblau-02617500270000
Lotto,Raptor Hyperpulse 100 III,"white, blue","Power, stability and comfort for your clay court game The Lotto Raptor Hyperpulse 100 III clay court shoe was developed for ambitious tennis players who expect the highest performance on clay courts. With its robust construction, innovative cushioning technology and excellent traction, this shoe has everything you need for explosive movements and long matches. The breathable upper with reinforced zones ensures stability and durability, while the special Hyperpulse technology in the midsole ensures optimal energy return and shock absorption. The specially profiled clay court outsole offers ideal grip on clay and enables controlled sliding and secure footing when changing direction quickly. Your advantages at a glance: Hyperpulse cushioning for a dynamic running feeling and joint protection Clay court profile sole for excellent grip and controlled gliding Reinforced upper material for high stability and durability With the Lotto Raptor Hyperpulse 100 III clay court shoe you play powerfully, controlled and comfortably - ready for your best tennis on clay.",118.95 €,635,169.99 €,"40, 40,5, 41, 42, 42,5, 43, 43,5, 44, 45, 45,5, 46, 47, 48, 48,5",https://www.tennis-point.de/products/lotto-raptor-hyperpulse-100-iii-sandplatzschuh-herren-weissblau-02417501781000
Diadora,Blushield Torneo 3,"white, blue","Maximum stability and comfort for clay court players The Diadora Blushield Torneo 3 men's clay court shoe was specially developed for tennis players who need maximum stability, traction and cushioning on clay courts. The specially designed clay court outsole provides excellent grip and enables fast, safe movements on the clay. Thanks to the innovative Blushield technology, the shoe effectively absorbs shock and supports natural foot movement, relieving your joints and increasing your playing comfort. The robust and breathable upper ensures optimal ventilation and durability, while reinforced areas in the toe and heel areas provide additional protection. Your advantages at a glance: Blushield technology - optimal cushioning and stability for long matches Clay court outsole - maximum grip and maneuverability on sand Breathable, durable upper material - for long-lasting comfort With the Diadora Blushield Torneo 3 clay court shoe men you enjoy maximum comfort, stability and control on the clay court - perfect for demanding tennis games!",100.95 €,550,155.00 €,"40,5, 41, 42, 42,5, 43, 44, 44,5, 45, 45,5, 46, 47, 47,5, 48",https://www.tennis-point.de/products/diadora-blushield-torneo-3-sandplatzschuh-herren-weissblau-11717100394000
Mizuno,Wave Enforce Tour 2,"gray, white","Dominance Begins on the Ground Ready to redefine your game on clay? This high-performance shoe was developed for players who make no compromises - neither when it comes to stability nor when it comes to power. With every movement you feel how the shoe supports you: whether explosive sprints to the line or lightning-fast changes of direction - you stay in balance while your opponent starts to slide. The combination of cushioning and grip gives you decisive advantages in long rallies. Thanks to the innovative sole construction, the shoe offers optimal grip on sand and enables flowing movements with maximum control. Breathable materials also ensure a fresh feeling – match after match. Rely on performance to carry you when it matters most. Highlights at a glance Optimized outsole for clay courts - perfect grip for slides and stops Wave technology - ensures reactive cushioning and stability with every step Breathable upper material - keeps your feet pleasantly cool, even during intense matches",103.95 €,565,160.00 €,"39, 40, 40,5, 41, 42, 42,5, 43, 44, 44,5, 45, 46, 47",https://www.tennis-point.de/products/mizuno-wave-enforce-tour-2-sandplatzschuh-herren-grauweiss-07217101126000
Mizuno,Wave Exceed Tour 6,"gray, white","Faster than your opponent allows. Do you want speed, control and comfort all in one? Then this clay court shoe is exactly what you need. Developed for ambitious players who want to dominate the court – with style and technical superiority. The shoe combines lightness with exceptional stability and lets you glide across the clay court without losing traction. Every step is cushioned by innovative cushioning technology so you can last longer - without compromising performance. The breathable upper material ensures fresh feet, even during hot matches. With its flexible design, the shoe supports you with quick changes of direction and explosive starts - your advantage when the ball hits the line again. Highlights at a glance Ultralight design - for maximum speed and agility on sand Wave cushioning system - absorbs shocks and returns energy directly Clay court-optimized outsole - offers perfect grip during slides and stops",91.95 €,415,150.00 €,"40, 40,5, 41, 42, 42,5, 43, 44, 44,5, 45, 46, 47",https://www.tennis-point.de/products/mizuno-wave-exceed-tour-6-sandplatzschuh-herren-grauweiss-07217101129000
Fila,Axilus 3,"white, dark blue","Tournament-ready performance for clay court players The Fila Axilus 3 clay court shoe is the ideal choice for ambitious players who require full control and dynamism on the red clay. Its clay-specific outsole offers excellent grip during slides and quick changes of direction. At the same time, the ergonomically shaped Energized midsole ensures effective cushioning and direct ground contact. The breathable upper material with stabilizing reinforcements offers a perfect fit and reliable support - even during long and intense matches. Advantages of the Fila Axilus 3 clay court shoe: Optimized clay outsole: Excellent traction and glide on sand Responsive cushioning: Energized midsole for comfort and quick return to position Stabilizing upper material: High comfort while providing a secure grip With the Fila Axilus 3 clay court shoe you have the right tool to perfect your game with precision, speed and control on clay.",90.95 €,410,139.99 €,"39,5, 40, 41, 41,5, 42, 42,5, 43, 44, 44,5, 45, 46, 47, 48",https://www.tennis-point.de/products/fila-axilus-3-sandplatzschuh-herren-weissdunkelblau-00317501282000
Babolat,Propulse Fury 3 CLY,"dark red, black","Maximum stability for your clay court game The Babolat Propulse Fury 3 CLY clay court shoe is the perfect choice for demanding players who need full control and maximum support on clay. With its innovative construction, this tennis shoe offers exceptional stability and protects your joints even when changing direction quickly. The revised Power Belt system ensures optimal foot wrap and a secure fit, while the special clay outsole is designed for outstanding grip on clay courts. The combination of cushioning, durability and comfort makes the shoe the ideal choice for intense matches. Whether it's a tournament or training - with this model you are well equipped for every challenge. Highlights: Power Belt technology for secure grip and stability Michelin outsole especially for clay courts with optimal grip Uncompromising comfort thanks to the cushioning midsole Experience a new level of performance and sure-footedness on sand with the Babolat Propulse Fury 3 CLY clay court shoe.",96.95 €,535,150.00 €,"40, 40,5, 41, 42, 42,5, 43, 44, 44,5, 45, 46, 46,5, 47, 48, 49",https://www.tennis-point.de/products/babolat-propulse-fury-3-cly-sandplatzschuh-herren-dunkelrotschwarz-00917102599000
adidas,Solematch Control 2,"light gray, dark blue","Stability and control for your clay court game The adidas Solematch Control 2 clay court shoe for men is designed to give you maximum control, stability and comfort on the tennis court. Ideal for ambitious players who want to impress on the clay court with precise movements and reliable grip. The non-slip outsole with a special clay court profile ensures optimal grip when changing direction quickly. The robust upper material offers you lateral support, while the cushioning midsole protects your joints and feels comfortable to wear - even during long matches. Additional reinforced zones increase the longevity of the shoe during intensive use. Your advantages at a glance: Special clay court outsole for optimal grip on clay courts Stabilizing upper material for secure lateral support Comfortable cushioning for joint-gentle play With the adidas Solematch Control 2 clay court shoe you can take your game to the next level - stable, controlled and ready for the next rally.",94.95 €,525,130.00 €,"40, 40 2/3, 41 1/3, 42, 42 2/3, 43 1/3, 44, 44 2/3, 45 1/3, 46, 46 2/3, 47 1/3, 48, 48 2/3, 49 1/3, 50, 51 1/3",https://www.tennis-point.de/products/adidas-solematch-control-2-sandplatzschuh-herren-hellgrau-dunkelblau-00516806185000
K-Swiss,Hypercourt Express 2,"blue, orange","A classic with more power The Hypercourt Express 2 from K-Swiss is inspired by the original classic tennis shoe, but equipped with the latest materials and technologies for the right support and added comfort. The shoe has a regular fit and features a synthetic and mesh upper that offers a pleasant combination of lightweight comfort and support. In addition, the water-repellent effect of the upper material ensures that the shoe does not become heavy and the foot stays dry. The mesh tongue and mesh inserts in the upper ensure high breathability and excellent ventilation and keep feet cool and dry. The Surgelite midsole provides maximum shock absorption and added durability. The midsole also features the 'GuideGlide' construction and guarantees a comfortable and stable gait. The Ortholite insert also offers light cushioning. The entire handle coating reduces wear. DuraWrap and DragGuard in the outsole provide an additional layer of protection at key shoe support points. The highlights of the K-Swiss Hypercourt Express 2 Upper material Synthetic leather Textile lining on the shaft edge Molded rubber outsole CMEVA midsole Ortholite insole Lacing",81.95 €,375,139.99 €,"41, 41,5, 42, 42,5, 43, 44, 44,5, 45, 46, 47, 49",https://www.tennis-point.de/products/k-swiss-hypercourt-express-2-sandplatzschuh-herren-blauorange-01417502439000
K-Swiss,Express Light 3,"white, dark blue","Power and comfort in one shoe The Express Light 3 from K-Swiss is a lightweight tennis shoe designed for on-court performance and a high level of comfort. This updated model of its successful predecessor features DuraWrap Flex, a redesigned, molded RPU construction that provides flexible support and draft protection. Inside, a well-padded collar provides comfort and stability, while a die-cut foam insole provides responsive cushioning underfoot. The Express Light 3 has an HB outsole with a deep herringbone tread pattern for excellent traction on clay courts. The highlights of the K-Swiss Express Light 3 Upper made of synthetic leather Textile lining on the shaft edge Molded rubber outsole CMEVA midsole Ortholite insole Lacing",73.95 €,340,119.99 €,"41, 41,5, 42, 42,5, 43, 44, 44,5, 45, 46, 47, 49",https://www.tennis-point.de/products/k-swiss-express-light-3-sandplatzschuh-herren-weissdunkelblau-01417102470000
K-Swiss,Express Light 3,"white, light gray","Power and comfort in one shoe The Express Light 3 from K-Swiss is a lightweight tennis shoe designed for on-court performance and a high level of comfort. This updated model of its successful predecessor features DuraWrap Flex, a redesigned, molded RPU construction that provides flexible support and draft protection. Inside, a well-padded collar provides comfort and stability, while a die-cut foam insole provides responsive cushioning underfoot. The Express Light 3 has an HB outsole with a deep herringbone tread pattern for excellent traction on clay courts. The highlights of the K-Swiss Express Light 3 Upper made of synthetic leather Textile lining on the shaft edge Molded rubber outsole CMEVA midsole Ortholite insole Lacing",74.95 €,345,119.99 €,"40, 41, 41,5, 42, 42,5, 43, 44, 44,5, 45, 46, 47, 49",https://www.tennis-point.de/products/k-swiss-express-light-3-sandplatzschuh-herren-weisshellgrau-01417502441000
Babolat,Propulse Fury 3,"dark blue, pink","Perfect for your game on clay The Babolat clay court shoe is not just a shoe, but an indispensable tool for every tennis lover. Designed to provide optimal performance on sandy surfaces, it features a special herringbone rubber compound that ensures an ideal combination of traction and glide. These features allow you to move effortlessly across the court while maintaining control of your movements. Aside from its technical sophistication, the Babolat Propulse Fury 3 CLAY also offers high comfort with a breathable mesh, textile upper, meaning the foot stays cool and dry, even during intense play under the scorching sun. With this shoe on your feet, you can push your limits and unleash your full potential on the clay court. The highlights of the Babolat Propulse Fury 3 CLAY High comfort mesh, textile upper textile inner material rubber sole herringbone pattern for grip",66.95 €,310,150.00 €,"40,5, 41, 42, 42,5, 43, 44, 44,5, 45, 46, 46,5, 47, 48, 49",https://www.tennis-point.de/products/babolat-propulse-fury-3-sandplatzschuh-herren-dunkelblaupink-00916602471000
HEAD,Sprint Pro 3.5,"dark green, light green","When you move quickly in the SPRINT PRO 3.5, you'll enjoy the lightweight comfort of a shoe made with a new engineered mesh and tongue material, as well as a cooling system that promotes breathability. The upgrade also includes a new TPU heel counter and design.• New engineered mesh and tongue material for lightweight comfort• Cooling system improves breathability• Refreshed design gives the shoe a modern look and feel• A herringbone tread pattern provides optimal grip on sand",61.95 €,290,160.00 €,"38,5, 39, 40, 40,5, 41, 42, 42,5, 43, 44, 44,5, 45, 46, 46,5, 47, 48,5",https://www.tennis-point.de/products/head-sprint-pro-35-sandplatzschuh-herren-dunkelgruenhellgruen-00616201892000
Diadora,Trofeo 3,"white, dark blue","Maximum performance on clay courts The Diadora Trofeo 3 clay court shoe for men is the perfect companion for ambitious tennis players who want to achieve top performance on clay courts. With its robust yet lightweight design, it offers optimal support and stability during quick changes of direction and intense matches. The specially developed outsole ensures maximum grip on sand, while the shock-absorbing midsole increases comfort and reduces stress on the joints. Thanks to the breathable upper material, your feet stay pleasantly dry, even during long and intensive games. The modern design and high-quality workmanship make the Diadora Trofeo 3 not only functional, but also visually convincing. Highlights: Especially for clay courts: Perfect grip and stability for demanding games. Shock-absorbing technology: protects joints and increases comfort. Breathable Design: Keeps you feeling fresh throughout the game. With the Diadora Trofeo 3 clay court shoe for men you are ready to take your game on clay courts to the next level - comfort and control at its best!",59.95 €,285,110.00 €,"40,5, 41, 42, 42,5, 43, 44, 44,5, 45, 45,5, 46, 47, 47,5, 48, 49",https://www.tennis-point.de/products/diadora-trofeo-3-sandplatzschuh-herren-weissdunkelblau-11717500362000
ASICS,Game FF / OC,"white, dark green","For clay court specialists – control and comfort in one! The Game FF Clay from ASICS combines advanced technology with a robust design. The synthetic leather ensures stability and a precise fit, while the clay court sole provides unparalleled grip. Perfect for players who want to perform at their best on clay. Highlights: Clay court sole for stability and maximum traction. Synthetic leather for durability and comfort. Ideal for precise and dynamic play on sand.",58.95 €,280,90.00 €,"39,5, 40, 40,5, 41,5, 42, 42,5, 43,5, 44, 44,5, 45, 46, 46,5, 47, 48, 49",https://www.tennis-point.de/products/asics-game-ff-oc-sandplatzschuh-herren-weiss-dunkelgruen-02017506425000
Nike,Vapor Lite 3,"blue, yellow","Dynamics and comfort combined - the perfect shoe for the clay court. This clay court shoe for men offers the ideal combination of stability, lightness and modern design. Specially developed for dynamic players, it ensures maximum control and a comfortable fit during intense matches on clay courts. The innovative midsole with lightweight cushioning provides optimal shock absorption to relieve joint pressure and support explosive movements. The specially profiled clay court outsole guarantees excellent grip and stability, even when changing direction quickly. The breathable mesh upper ensures your feet stay cool and dry, even during long and demanding matches. With its sporty and elegant design, this shoe is not only functional, but also an eye-catcher on the tennis court. Highlights: Lightweight midsole for optimal cushioning and dynamic mobility Clay court outsole for secure grip and maximum stability on sand surfaces Breathable mesh upper for long-lasting comfort and ideal ventilation Unlock your full potential on the clay court - with a shoe that provides you with optimal support in every playing situation.",54.95 €,285,84.99 €,"38,5, 39, 40, 40,5, 41, 42, 42,5, 43, 44, 44,5, 45, 45,5, 46, 47, 47,5, 48,5, 49,5",https://www.tennis-point.de/products/nike-vapor-lite-3-sandplatzschuh-herren-blau-gelb-00417118025000
Mizuno,Break Shot 5,"white, coral","Get your moves safe on the sand Are you looking for an entry-level shoe that won't slow you down? This clay court shoe is made for dynamic matches and ambitious players. It offers you the perfect balance of comfort, stability and traction - ideal for your next break on the court. With its grippy sole specially designed for clay courts, you stay in control with every slide. The lightweight construction supports you during quick movements without losing grip. Thanks to the breathable materials, you stay fresh and focused even in long matches. Whether serving, on defense or on the way to the net - this shoe reliably accompanies you through every game situation. Highlights at a glance Clay court-specific outsole – guarantees a secure grip when changing direction quickly Feather-light construction – reduces fatigue and ensures more agility Breathable mesh upper – keeps your feet pleasantly dry",51.95 €,270,80.00 €,"40,5, 41, 42, 42,5, 43, 44, 44,5, 45, 46, 47",https://www.tennis-point.de/products/mizuno-break-shot-5-sandplatzschuh-herren-weisskoralle-07217101137000
Yonex,AD Accel,black,"Accelerate your game on clay The AD Accel from Yonex is the ideal clay court shoe for men who want to combine speed and control on the court. With a lightweight, breathable mesh upper and a non-slip sole, this shoe has everything you need for quick changes of direction and explosive acceleration. Designed to support you on any clay court and give you an advantage in the match. Highlights: Lightweight mesh material for high wearing comfort. Non-slip sole for maximum control. Ideal for quick movements on clay courts",121.95 €,650,159.95 €,"40, 40,5, 41, 42, 43, 44, 44,5, 45, 45,5, 46, 46,5, 47, 48",https://www.tennis-point.de/products/yonex-ad-accel-sandplatzschuh-herren-schwarz-01916801440000
Nike,GP Challenge Pro PRM,"dark blue, cream","Premium performance for your clay court game The Nike GP Challenge Pro PRM clay court shoe is the perfect choice for demanding players who want to impress with precision, stability and style on clay. Developed to meet the highest demands, it combines a particularly durable upper material with targeted cushioning and responsive support when changing direction quickly. The specially profiled outsole offers excellent grip on clay courts and ensures optimal control during slides and stops. The modern design with premium finish underlines your demands – visually and playfully. Highlights: Special clay court outsole: For controlled glide and secure grip Stabilizing construction: Supports fast, dynamic movements Responsive cushioning: Comfort and energy return with every step Take your performance and style to the next level with the Nike GP Challenge Pro PRM clay court shoe - made for play on red clay.",56.95 €,270,119.99 €,"40,5, 41, 42, 42,5, 43, 44, 44,5, 45, 45,5, 46, 47, 47,5, 48,5",https://www.tennis-point.de/products/nike-gp-challenge-pro-prm-sandplatzschuh-herren-dunkelblaucreme-00417017950000
Mizuno,Wave Enforce Tour 2,"white, blue","Dominance Begins on the Ground Ready to redefine your game on clay? This high-performance shoe was developed for players who make no compromises - neither when it comes to stability nor when it comes to power. With every movement you feel how the shoe supports you: whether explosive sprints to the line or lightning-fast changes of direction - you stay in balance while your opponent starts to slide. The combination of cushioning and grip gives you decisive advantages in long rallies. Thanks to the innovative sole construction, the shoe offers optimal grip on sand and enables flowing movements with maximum control. Breathable materials also ensure a fresh feeling – match after match. Rely on performance to carry you when it matters most. Highlights at a glance Optimized outsole for clay courts - perfect grip for slides and stops Wave technology - ensures reactive cushioning and stability with every step Breathable upper material - keeps your feet pleasantly cool, even during intense matches",103.95 €,565,160.00 €,"40, 40,5, 41, 42, 42,5, 43, 44, 44,5, 45, 46, 47",https://www.tennis-point.de/products/mizuno-wave-enforce-tour-2-sandplatzschuh-herren-weiss-orange-07217101127000
Lacoste,Medvedev AG-LT Ultra,"dark blue, yellow","Perfect support and comfort with the Medvedev AG-LT Ultra Clay Experience tennis on a new level with the Medvedev AG-LT Ultra Clay tennis shoes from Lacoste. These innovative clay court shoes offer you the perfect mix of support and comfort. Thanks to the high-quality synthetic and textile material, your foot stays pleasantly cool and dry even during long matches. The specially developed rubber sole ensures the best possible traction so that you remain in control at all times on the clay court. Experience stability with every step and enjoy the feeling as if the shoe was a natural extension of your foot. Highlights: Long-lasting comfort: Breathable synthetic and textile upper for dryness and freshness. Optimal traction: Special rubber outsole for maximum traction and stability on clay courts. Exclusive design: stylish appearance with the AG-LT Ultra series from Lacoste. Choose the Medvedev AG-LT Ultra Clay and enjoy every shot on the court.",84.95 €,385,170.00 €,"41, 42, 42,5, 43, 44, 44,5, 45, 46, 46,5, 47",https://www.tennis-point.de/products/lacoste-medvedev-ag-lt-ultra-sandplatzschuh-herren-dunkelblau-gelb-02617100306000
Diadora,B.Icon 2,"white, petrol","Perfect for your game on clay The Diadora clay court shoe is not just a shoe, but an indispensable tool for every tennis lover. Designed to provide optimal performance on sandy surfaces, it features a special herringbone rubber compound that ensures an ideal combination of traction and glide. These features allow you to move effortlessly across the court while maintaining control of your movements. Aside from its technical sophistication, the Diadora B.Icon 2 CLY also offers high comfort breathable TPU, Polyurethane (PU), Polyester upper, meaning the foot stays cool and dry, even during intense play under the scorching sun. With this shoe on your feet, you can push your limits and unleash your full potential on the clay court. The highlights of the Diadora B.Icon 2 CLY High comfort TPU, polyurethane (PU), polyester upper material polyester inner material rubber sole herringbone pattern for grip",68.95 €,320,165.00 €,"39, 40, 40,5, 41, 42, 42,5, 43, 44, 44,5, 45, 45,5, 46, 47, 47,5, 48, 49",https://www.tennis-point.de/products/diadora-bicon-2-sandplatzschuh-herren-weisspetrol-11716600340000
HEAD,Sprint Pro 4.0,"light gray, brown","Lightweight and stable clay court shoe for quick rallies The Head Sprint Pro 4.0 men's clay court shoe offers tennis players a perfect combination of lightness, stability and traction - ideal for matches on clay courts. Thanks to the super light and breathable mesh upper, your foot stays pleasantly cool even during intense rallies. The specially developed Clay Court outsole ensures maximum grip on clay courts and supports quick changes of direction. Drift Defense technology reinforces the high-wear areas in the toe and midfoot, while T-KORE 360° technology ensures optimal stability and durability. The EVA midsole provides responsive cushioning for dynamic movements on the court. Your advantages at a glance: Super light, breathable mesh upper - for optimal comfort Clay Court outsole - excellent grip and stability on sand Drift Defense, T-KORE 360° technology - for protection, durability and stability With the Head Sprint Pro 4.0 clay court shoe men you are well equipped to dominate with speed and precision on the clay court!",94.95 €,525,160.00 €,"40,5, 41, 42, 42,5, 43, 44, 44,5, 45, 46, 46,5, 47, 48, 48,5",https://www.tennis-point.de/products/head-sprint-pro-40-sandplatzschuh-herren-hellgraubraun-00617501973000
Babolat,Jet Mach 3,"orange, black","Perfect for your game on clay The Babolat clay court shoe is not just a shoe, but an indispensable tool for every tennis lover. Designed to provide optimal performance on sandy surfaces, it features a special herringbone rubber compound that ensures an ideal combination of traction and glide. These features allow you to move effortlessly across the court while maintaining control of your movements. Aside from its technical sophistication, the Babolat Jet Mach 3 CLAY also offers high comfort breathable mesh, textile upper, meaning the foot stays cool and dry, even during intense play under the scorching sun. With this shoe on your feet, you can push your limits and unleash your full potential on the clay court. The highlights of the Babolat Jet Mach 3 CLAY High comfort Mesh, textile upper textile inner material rubber sole herringbone pattern for grip",79.95 €,365,155.00 €,"39, 40,5, 41, 42, 42,5, 43, 44, 44,5, 45, 46, 46,5, 47, 48, 49",https://www.tennis-point.de/products/babolat-jet-mach-3-sandplatzschuh-herren-orangeschwarz-00916602475000
Nike,Zoom GP Challenge 1,"gray, orange","Speed ​​that dominates the sand Do you want to dictate the game on the clay court? Then you need a shoe that keeps up with your pace and gives you the control you need. The Zoom GP Challenge 1 was specially developed for quick changes of direction, explosive starts and maximum precision on sand. Thanks to Zoom Air technology, you experience noticeable responsiveness with every step - ideal for aggressive baseline players. The breathable upper material keeps your foot secure in the shoe, while the specially structured outsole ensures optimal grip on sand. Whether you prepare the point with a backhand slice or finish with a stop ball - this shoe gives you the freedom to vary your game while remaining stable. With comfort that goes beyond the first three sentences. Highlights at a glance Zoom Air cushioning - for responsive acceleration with every step Clay court outsole - guarantees optimal traction on clay and for slides Supportive upper material - ensures a secure grip during quick changes of direction",96.95 €,535,149.99 €,"38,5, 39, 40, 40,5, 41, 42, 42,5, 43, 44, 44,5, 45, 45,5, 46, 47, 47,5, 48,5, 49,5",https://www.tennis-point.de/products/nike-zoom-gp-challenge-1-sandplatzschuh-herren-grauorange-00416717719000
ASICS,Gel-Challenger 14,"white, black","Secure hold, confident performance The GEL-CHALLENGER™ 14 CLAY ensures stability at the baseline, so you can concentrate fully on the point. The upper material offers optimal support. This is especially important for volleys or lob shots. ​DYNAWING™ technology improves stability during sideways movements. This feature ensures good grip and hits with more speed and momentum. The separate heel construction gives you more stability during abrupt landings. The highlights of the Gel-Challenger 14 men's clay court shoe: PGUARD™ toe protection improves durability OrthoLite™ insole provides optimal comfort while running DYNAWING™ technology improves stability AHARPLUS™ outsole improves durability GEL™ technology in the rear foot improves cushioning and provides a softer feel Outsole specifically for clay courts The insole is manufactured using a solution dyeing process that reduces water consumption compared to traditional dyeing technology around 33% and CO2 emissions reduced by around 45%",101.95 €,555,120.00 €,"39, 39,5, 40, 40,5, 41,5, 42, 42,5, 43,5, 44, 44,5, 45, 46, 46,5, 47, 48, 49, 50,5",https://www.tennis-point.de/products/asics-gel-challenger-14-sandplatzschuh-herren-weissschwarz-02016404967000
Diadora,Speed Blushield Fly 4 +,"white, dark blue","Perfect for your game on clay The Diadora clay court shoe is not just a shoe, but an indispensable tool for every tennis lover. Designed to provide optimal performance on sandy surfaces, it features a special herringbone rubber compound that ensures an ideal combination of traction and glide. These features allow you to move effortlessly across the court while maintaining control of your movements. Aside from its technical sophistication, the Diadora Speed ​​Blushield Fly 4+ CLAY also offers high comfort breathable polyurethane (PU), polyester upper, meaning the foot stays cool and dry, even during intense play under the scorching sun. With this shoe on your feet, you can push your limits and unleash your full potential on the clay court. The highlights of the Diadora Speed ​​Blushield Fly 4+ CLAY High comfort Polyurethane (PU), polyester upper material polyester inner material rubber sole herringbone pattern for grip",74.95 €,345,150.00 €,"39, 40, 40,5, 41, 42, 42,5, 43, 44, 44,5, 45, 45,5, 46, 47, 47,5, 48, 49",https://www.tennis-point.de/products/diadora-speed-blushield-fly-4-sandplatzschuh-herren-weissdunkelblau-11717500361000
Lotto,Mirage 300 III,"white, black","Perfect for your game on clay The Lotto Mirage 300 III CLY is not just a shoe, but an indispensable tool for every tennis lover. Designed to provide optimal performance on sandy surfaces, it features a special herringbone rubber compound that ensures an ideal combination of traction and glide. These features allow you to move effortlessly across the court while maintaining control of your movements. Aside from its technical sophistication, the Mirage 300 III CLY also features breathable synthetic uppers, meaning the foot stays cool and dry, even during intense play under the scorching sun. With this shoe on your feet, you can push your limits and unleash your full potential on the clay court. The highlights of the Lotto Mirage 300 III CLY High comfort synthetic upper textile inner material rubber sole herringbone pattern for grip",65.95 €,310,100.00 €,"39, 40, 40,5, 41, 42, 42,5, 43, 43,5, 44, 45, 45,5, 46, 47",https://www.tennis-point.de/products/lotto-mirage-300-iii-sandplatzschuh-herren-weissschwarz-02416201665000
Nike,Zoom Vapor Pro 3,orange,Dominate on clay The Nike Vapor Pro 3 clay court shoe gives you maximum mobility and control on clay. The Vapor DNA ensures an unmistakable feeling of being close to the ground and stability. The durable outer material keeps out sand while still remaining breathable. The clay court outsole with herringbone profile provides constant grip and precise slip control. Highlights Optimal slide balance Controlled slides for safe shots Vapor stability Firm hold without restricting mobility Clay court grip Perfect hold for explosive changes of direction Get the Nike Vapor Pro 3 clay court shoe now and dominate the court.,90.95 €,410,140.00 €,"39, 40, 40,5, 41, 42, 42,5, 43, 44, 44,5, 45, 45,5, 46, 47, 47,5, 48,5, 49,5",https://www.tennis-point.de/products/nike-zoom-vapor-pro-3-sandplatzschuh-herren-orange-00417118033000
